Year,Month,Monthly,Annual,Five-Year,Ten-Year,Twenty-Year
1880,1,-10.432,-11.24,-10.034,-10.498,-10.553
1880,2,-12.686,-11.246,-10.025,-10.483,-10.569
1880,3,-13.67,-11.211,-10.026,-10.47,-10.574
1880,4,-12.948,-11.163,-10.011,-10.456,-10.583
1880,5,-9.704,-11.275,-10.049,-10.447,-10.592
1880,6,-9.76,-11.125,-10.141,-10.443,-10.601
1880,7,-9.553,-11.175,-10.232,-10.443,-10.603
1880,8,-10.69,-10.995,-10.357,-10.449,-10.603
1880,9,-9.541,-10.533,-10.447,-10.455,-10.607
1880,10,-9.687,-10.294,-10.521,-10.455,-10.606
1880,11,-11.933,-10.27,-10.535,-10.412,-10.61
1880,12,-12.889,-10.29,-10.556,-10.408,-10.612
1881,1,-11.034,-10.264,-10.598,-10.436,-10.604
1881,2,-10.529,-10.166,-10.624,-10.446,-10.623
1881,3,-8.127,-10.156,-10.635,-10.445,-10.633
1881,4,-10.081,-10.354,-10.644,-10.443,-10.632
1881,5,-9.417,-10.382,-10.742,-10.443,-10.636
1881,6,-9.998,-10.1,-10.823,-10.434,-10.638
1881,7,-9.241,-10.132,-10.873,-10.426,-10.639
1881,8,-9.513,-10.209,-10.893,-10.43,-10.639
1881,9,-9.419,-10.638,-10.916,-10.442,-10.635
1881,10,-12.061,-10.75,-10.93,-10.438,-10.635
1881,11,-12.28,-10.848,-10.952,-10.435,-10.632
1881,12,-9.498,-10.838,-10.96,-10.45,-10.608
1882,1,-11.42,-10.883,-10.972,-10.488,-10.613
1882,2,-11.45,-10.885,-10.971,-10.563,-10.609
1882,3,-13.285,-10.881,-10.983,-10.584,-10.598
1882,4,-11.417,-10.683,-11.02,-10.6,-10.598
1882,5,-10.596,-10.572,-11.028,-10.609,-10.6
1882,6,-9.874,-10.707,-10.974,-10.595,-10.603
1882,7,-9.78,-10.77,-11.005,-10.589,-10.603
1882,8,-9.547,-10.899,-10.983,-10.597,-10.603
1882,9,-9.369,-10.688,-10.941,-10.607,-10.606
1882,10,-9.685,-10.693,-10.878,-10.619,-10.6
1882,11,-10.942,-10.687,-10.884,-10.646,-10.607
1882,12,-11.122,-10.696,-10.894,-10.705,-10.591
1883,1,-12.177,-10.841,-10.911,-10.762,-10.591
1883,2,-12.992,-10.946,-10.913,-10.812,-10.594
1883,3,-10.757,-11.056,-10.934,-10.871,-10.599
1883,4,-11.471,-11.174,-10.946,-10.914,-10.609
1883,5,-10.528,-11.348,-10.89,-10.927,-10.608
1883,6,-9.985,-11.471,-10.841,-10.941,-10.605
1883,7,-11.518,-11.508,-10.898,-10.954,-10.603
1883,8,-10.8,-11.609,-10.946,-10.968,-10.601
1883,9,-10.689,-11.738,-11.001,-10.961,-10.598
1883,10,-11.105,-11.642,-11.003,-10.957,-10.595
1883,11,-13.033,-11.671,-11.017,-10.98,-10.595
1883,12,-12.599,-11.682,-11.008,-10.982,-10.609
1884,1,-12.614,-11.634,-11.016,-10.965,-10.614
1884,2,-14.209,-11.614,-11.036,-10.946,-10.622
1884,3,-12.306,-11.609,-11.059,-10.903,-10.616
1884,4,-10.312,-11.727,-11.03,-10.89,-10.615
1884,5,-10.886,-11.563,-11.014,-10.887,-10.619
1884,6,-10.112,-11.468,-11.058,-10.887,-10.618
1884,7,-10.943,-11.44,-11.11,-10.884,-10.617
1884,8,-10.561,-11.202,-11.174,-10.882,-10.616
1884,9,-10.634,-11.109,-11.173,-10.881,-10.62
1884,10,-12.515,-11.012,-11.172,-10.883,-10.615
1884,11,-11.067,-10.942,-11.155,-10.877,-10.612
1884,12,-11.458,-10.966,-11.149,-10.848,-10.609
1885,1,-12.28,-10.931,-11.144,-10.868,-10.596
1885,2,-11.345,-10.952,-11.169,-10.876,-10.583
1885,3,-11.19,-10.969,-11.188,-10.864,-10.574
1885,4,-9.153,-10.792,-11.228,-10.855,-10.561
1885,5,-10.04,-10.585,-11.243,-10.872,-10.557
1885,6,-10.411,-10.459,-11.269,-10.875,-10.553
1885,7,-10.521,-10.642,-11.291,-10.879,-10.553
1885,8,-10.813,-10.812,-11.266,-10.879,-10.556
1885,9,-10.836,-10.834,-11.295,-10.886,-10.558
1885,10,-10.394,-10.918,-11.307,-10.884,-10.56
1885,11,-8.574,-10.939,-11.32,-10.861,-10.55
1885,12,-9.95,-10.858,-11.326,-10.839,-10.544
1886,1,-14.473,-10.791,-11.31,-10.814,-10.547
1886,2,-13.387,-10.783,-11.312,-10.853,-10.543
1886,3,-11.455,-10.78,-11.287,-10.874,-10.547
1886,4,-10.165,-10.775,-11.27,-10.87,-10.553
1886,5,-10.289,-11,-11.217,-10.886,-10.553
1886,6,-9.443,-11.186,-11.141,-10.888,-10.551
1886,7,-9.716,-11.193,-11.058,-10.902,-10.549
1886,8,-10.709,-11.348,-10.999,-10.908,-10.55
1886,9,-10.807,-11.496,-10.89,-10.908,-10.554
1886,10,-10.33,-11.598,-10.849,-10.898,-10.55
1886,11,-11.279,-11.537,-10.823,-10.89,-10.558
1886,12,-12.181,-11.544,-10.814,-10.878,-10.553
1887,1,-14.551,-11.523,-10.797,-10.863,-10.554
1887,2,-15.247,-11.551,-10.793,-10.852,-10.577
1887,3,-13.239,-11.527,-10.779,-10.821,-10.583
1887,4,-11.385,-11.672,-10.746,-10.818,-10.588
1887,5,-9.554,-11.718,-10.725,-10.821,-10.596
1887,6,-9.526,-11.76,-10.721,-10.824,-10.59
1887,7,-9.465,-11.675,-10.731,-10.83,-10.587
1887,8,-11.047,-11.359,-10.768,-10.836,-10.588
1887,9,-10.526,-11.297,-10.786,-10.84,-10.591
1887,10,-12.06,-11.365,-10.833,-10.832,-10.593
1887,11,-11.838,-11.511,-10.861,-10.844,-10.611
1887,12,-12.686,-11.578,-10.856,-10.83,-10.626
1888,1,-13.531,-11.669,-10.848,-10.817,-10.634
1888,2,-11.457,-11.658,-10.846,-10.81,-10.662
1888,3,-12.486,-11.549,-10.837,-10.815,-10.68
1888,4,-12.205,-11.384,-10.822,-10.828,-10.69
1888,5,-11.308,-11.219,-10.833,-10.825,-10.689
1888,6,-10.33,-10.832,-10.837,-10.821,-10.695
1888,7,-10.558,-10.339,-10.73,-10.807,-10.701
1888,8,-10.915,-10.273,-10.759,-10.799,-10.704
1888,9,-9.219,-9.714,-10.747,-10.795,-10.701
1888,10,-10.078,-9.352,-10.737,-10.79,-10.704
1888,11,-9.86,-9.188,-10.754,-10.78,-10.729
1888,12,-8.033,-9.125,-10.767,-10.794,-10.738
1889,1,-7.615,-9.069,-10.787,-10.794,-10.743
1889,2,-10.676,-9.019,-10.78,-10.782,-10.748
1889,3,-5.775,-9.071,-10.757,-10.767,-10.76
1889,4,-7.862,-9.106,-10.765,-10.779,-10.763
1889,5,-9.338,-9.102,-10.767,-10.772,-10.767
1889,6,-9.566,-9.37,-10.697,-10.769,-10.77
1889,7,-9.887,-9.805,-10.616,-10.761,-10.771
1889,8,-10.322,-10.05,-10.529,-10.758,-10.77
1889,9,-9.835,-10.589,-10.468,-10.753,-10.771
1889,10,-10.498,-10.93,-10.464,-10.728,-10.773
1889,11,-9.821,-11.129,-10.487,-10.736,-10.759
1889,12,-11.244,-11.177,-10.498,-10.712,-10.736
1890,1,-12.842,-11.188,-10.517,-10.693,-10.732
1890,2,-13.611,-11.218,-10.503,-10.683,-10.727
1890,3,-12.242,-11.256,-10.492,-10.677,-10.713
1890,4,-11.954,-11.175,-10.436,-10.667,-10.691
1890,5,-11.722,-11.124,-10.446,-10.667,-10.689
1890,6,-10.149,-11.038,-10.391,-10.664,-10.687
1890,7,-10.013,-10.64,-10.342,-10.663,-10.691
1890,8,-10.685,-10.765,-10.355,-10.662,-10.688
1890,9,-10.297,-10.64,-10.334,-10.66,-10.689
1890,10,-9.515,-10.44,-10.35,-10.665,-10.688
1890,11,-9.211,-10.404,-10.33,-10.688,-10.69
1890,12,-10.219,-10.413,-10.316,-10.68,-10.675
1891,1,-8.058,-10.489,-10.305,-10.658,-10.674
1891,2,-15.118,-10.452,-10.286,-10.639,-10.669
1891,3,-10.745,-10.381,-10.302,-10.649,-10.678
1891,4,-9.554,-10.489,-10.31,-10.663,-10.675
1891,5,-11.281,-10.672,-10.342,-10.662,-10.675
1891,6,-10.262,-10.487,-10.447,-10.668,-10.677
1891,7,-10.919,-10.622,-10.531,-10.672,-10.681
1891,8,-10.249,-10.199,-10.565,-10.669,-10.683
1891,9,-9.438,-10.101,-10.644,-10.665,-10.687
1891,10,-10.821,-10.233,-10.708,-10.662,-10.676
1891,11,-11.403,-10.206,-10.722,-10.68,-10.671
1891,12,-8.003,-10.198,-10.723,-10.656,-10.667
1892,1,-9.679,-10.169,-10.725,-10.62,-10.655
1892,2,-10.04,-10.168,-10.722,-10.59,-10.636
1892,3,-9.561,-10.203,-10.727,-10.583,-10.622
1892,4,-11.146,-10.027,-10.711,-10.576,-10.618
1892,5,-10.948,-10.111,-10.747,-10.582,-10.615
1892,6,-10.175,-10.227,-10.703,-10.584,-10.623
1892,7,-10.568,-10.304,-10.656,-10.586,-10.623
1892,8,-10.233,-10.486,-10.598,-10.579,-10.626
1892,9,-9.856,-10.628,-10.568,-10.576,-10.629
1892,10,-8.707,-10.793,-10.502,-10.566,-10.627
1892,11,-12.419,-10.725,-10.473,-10.575,-10.628
1892,12,-9.398,-10.666,-10.471,-10.547,-10.631
1893,1,-10.593,-10.609,-10.478,-10.506,-10.617
1893,2,-12.224,-10.572,-10.478,-10.512,-10.605
1893,3,-11.268,-10.601,-10.483,-10.49,-10.604
1893,4,-13.129,-10.755,-10.508,-10.466,-10.603
1893,5,-10.126,-10.703,-10.544,-10.45,-10.605
1893,6,-9.468,-11.11,-10.523,-10.448,-10.605
1893,7,-9.889,-11.283,-10.585,-10.448,-10.601
1893,8,-9.793,-11.323,-10.519,-10.441,-10.601
1893,9,-10.197,-11.26,-10.551,-10.441,-10.601
1893,10,-10.561,-11.145,-10.589,-10.451,-10.599
1893,11,-11.789,-11.145,-10.571,-10.477,-10.589
1893,12,-14.283,-11.16,-10.569,-10.494,-10.573
1894,1,-12.666,-11.171,-10.557,-10.521,-10.565
1894,2,-12.705,-11.202,-10.559,-10.551,-10.568
1894,3,-10.511,-11.195,-10.574,-10.618,-10.567
1894,4,-11.755,-11.107,-10.56,-10.637,-10.563
1894,5,-10.123,-11.127,-10.593,-10.647,-10.557
1894,6,-9.651,-10.654,-10.615,-10.653,-10.558
1894,7,-10.019,-10.43,-10.625,-10.657,-10.556
1894,8,-10.158,-10.215,-10.651,-10.658,-10.558
1894,9,-10.121,-10.211,-10.697,-10.661,-10.561
1894,10,-9.5,-9.897,-10.687,-10.662,-10.552
1894,11,-12.037,-9.886,-10.676,-10.641,-10.539
1894,12,-8.599,-9.918,-10.67,-10.625,-10.533
1895,1,-9.98,-9.954,-10.655,-10.597,-10.525
1895,2,-10.131,-9.997,-10.656,-10.578,-10.523
1895,3,-10.454,-10.037,-10.66,-10.563,-10.511
1895,4,-7.995,-10.16,-10.696,-10.527,-10.508
1895,5,-9.985,-10.107,-10.705,-10.505,-10.506
1895,6,-10.041,-10.137,-10.704,-10.499,-10.507
1895,7,-10.448,-10.287,-10.67,-10.502,-10.506
1895,8,-10.671,-10.37,-10.67,-10.496,-10.502
1895,9,-10.597,-10.555,-10.645,-10.493,-10.499
1895,10,-10.983,-10.878,-10.582,-10.492,-10.502
1895,11,-11.405,-10.894,-10.569,-10.519,-10.503
1895,12,-8.955,-10.904,-10.581,-10.512,-10.5
1896,1,-11.778,-10.88,-10.592,-10.534,-10.481
1896,2,-11.131,-10.858,-10.595,-10.485,-10.474
1896,3,-12.67,-10.832,-10.58,-10.482,-10.471
1896,4,-11.871,-10.75,-10.592,-10.48,-10.464
1896,5,-10.173,-10.917,-10.613,-10.464,-10.462
1896,6,-10.163,-10.947,-10.541,-10.467,-10.463
1896,7,-10.163,-10.82,-10.511,-10.46,-10.462
1896,8,-10.404,-10.86,-10.537,-10.459,-10.461
1896,9,-10.291,-10.833,-10.592,-10.465,-10.456
1896,10,-9.99,-10.722,-10.565,-10.454,-10.452
1896,11,-13.411,-10.73,-10.573,-10.452,-10.444
1896,12,-9.321,-10.703,-10.583,-10.456,-10.447
1897,1,-10.253,-10.661,-10.589,-10.447,-10.444
1897,2,-11.615,-10.649,-10.593,-10.421,-10.435
1897,3,-12.338,-10.633,-10.595,-10.423,-10.431
1897,4,-10.544,-10.706,-10.614,-10.417,-10.443
1897,5,-10.263,-10.672,-10.535,-10.409,-10.46
1897,6,-9.843,-10.67,-10.546,-10.421,-10.465
1897,7,-9.66,-10.53,-10.539,-10.416,-10.47
1897,8,-10.266,-10.579,-10.557,-10.416,-10.471
1897,9,-10.098,-10.365,-10.558,-10.417,-10.472
1897,10,-10.863,-10.269,-10.552,-10.423,-10.465
1897,11,-12.998,-10.193,-10.537,-10.412,-10.458
1897,12,-9.295,-10.221,-10.526,-10.431,-10.436
1898,1,-8.573,-10.293,-10.525,-10.417,-10.415
1898,2,-12.205,-10.271,-10.514,-10.399,-10.408
1898,3,-9.773,-10.201,-10.503,-10.394,-10.41
1898,4,-9.39,-10.24,-10.477,-10.377,-10.405
1898,5,-9.348,-10.239,-10.494,-10.386,-10.398
1898,6,-10.18,-10.3,-10.5,-10.389,-10.398
1898,7,-10.531,-10.49,-10.483,-10.395,-10.395
1898,8,-9.993,-10.659,-10.452,-10.403,-10.393
1898,9,-9.267,-10.995,-10.414,-10.407,-10.393
1898,10,-11.325,-11.057,-10.371,-10.408,-10.394
1898,11,-12.991,-11.162,-10.357,-10.398,-10.395
1898,12,-10.022,-11.168,-10.365,-10.351,-10.407
1899,1,-10.852,-11.156,-10.363,-10.335,-10.435
1899,2,-14.235,-11.19,-10.359,-10.354,-10.446
1899,3,-13.803,-11.271,-10.357,-10.367,-10.453
1899,4,-10.134,-11.214,-10.349,-10.347,-10.477
1899,5,-10.611,-10.739,-10.311,-10.341,-10.481
1899,6,-10.248,-10.675,-10.297,-10.347,-10.483
1899,7,-10.387,-10.566,-10.269,-10.352,-10.483
1899,8,-10.403,-10.319,-10.191,-10.358,-10.483
1899,9,-10.244,-10.041,-10.149,-10.369,-10.483
1899,10,-10.643,-9.832,-10.148,-10.375,-10.481
1899,11,-7.289,-9.707,-10.143,-10.342,-10.488
1899,12,-9.253,-9.637,-10.172,-10.354,-10.479
1900,1,-9.544,-9.636,-10.177,-10.358,-10.459
1900,2,-11.263,-9.603,-10.176,-10.363,-10.461
1900,3,-10.468,-9.576,-10.175,-10.344,-10.444
1900,4,-7.63,-9.473,-10.15,-10.348,-10.431
1900,5,-9.11,-9.902,-10.118,-10.345,-10.428
1900,6,-9.413,-9.909,-10.159,-10.349,-10.427
1900,7,-10.374,-10.01,-10.164,-10.348,-10.426
1900,8,-10.008,-9.844,-10.128,-10.342,-10.427
1900,9,-9.921,-9.836,-10.144,-10.337,-10.429
1900,10,-9.406,-9.975,-10.171,-10.34,-10.429
1900,11,-12.439,-9.996,-10.202,-10.317,-10.429
1900,12,-9.33,-10.095,-10.196,-10.321,-10.429
1901,1,-10.762,-10.069,-10.198,-10.304,-10.457
1901,2,-9.264,-10.079,-10.211,-10.309,-10.439
1901,3,-10.375,-10.103,-10.235,-10.292,-10.435
1901,4,-9.298,-10.113,-10.224,-10.264,-10.439
1901,5,-9.357,-10.001,-10.183,-10.263,-10.43
1901,6,-10.6,-9.932,-10.161,-10.258,-10.427
1901,7,-10.064,-9.747,-10.159,-10.253,-10.424
1901,8,-10.135,-9.556,-10.172,-10.252,-10.426
1901,9,-10.206,-9.508,-10.142,-10.248,-10.432
1901,10,-9.523,-9.605,-10.13,-10.242,-10.425
1901,11,-11.104,-9.657,-10.11,-10.209,-10.428
1901,12,-8.492,-9.742,-10.111,-10.237,-10.425
1902,1,-8.549,-9.731,-10.114,-10.268,-10.434
1902,2,-6.969,-9.737,-10.122,-10.279,-10.425
1902,3,-9.799,-9.722,-10.144,-10.279,-10.436
1902,4,-10.465,-9.71,-10.137,-10.31,-10.433
1902,5,-9.98,-9.71,-10.15,-10.338,-10.429
1902,6,-11.616,-9.981,-10.162,-10.347,-10.428
1902,7,-9.939,-10.006,-10.177,-10.355,-10.432
1902,8,-10.199,-10.265,-10.17,-10.362,-10.434
1902,9,-10.032,-10.34,-10.131,-10.368,-10.434
1902,10,-9.381,-10.386,-10.145,-10.364,-10.438
1902,11,-11.096,-10.487,-10.152,-10.341,-10.42
1902,12,-11.753,-10.34,-10.172,-10.326,-10.42
1903,1,-8.849,-10.397,-10.171,-10.325,-10.427
1903,2,-10.067,-10.445,-10.171,-10.304,-10.425
1903,3,-10.71,-10.503,-10.172,-10.331,-10.431
1903,4,-11.016,-10.608,-10.203,-10.343,-10.415
1903,5,-11.193,-10.561,-10.141,-10.346,-10.418
1903,6,-9.849,-10.31,-10.141,-10.348,-10.422
1903,7,-10.621,-10.465,-10.124,-10.341,-10.427
1903,8,-10.779,-10.876,-10.165,-10.346,-10.43
1903,9,-10.719,-10.983,-10.171,-10.345,-10.432
1903,10,-10.651,-10.849,-10.157,-10.336,-10.434
1903,11,-10.532,-10.702,-10.168,-10.312,-10.426
1903,12,-8.736,-10.744,-10.151,-10.32,-10.397
1904,1,-10.709,-10.739,-10.142,-10.349,-10.386
1904,2,-14.997,-10.747,-10.145,-10.341,-10.398
1904,3,-11.991,-10.814,-10.138,-10.287,-10.4
1904,4,-9.413,-10.778,-10.134,-10.317,-10.399
1904,5,-9.422,-10.573,-10.107,-10.314,-10.401
1904,6,-10.354,-10.676,-10.177,-10.313,-10.406
1904,7,-10.566,-10.654,-10.267,-10.309,-10.409
1904,8,-10.876,-10.308,-10.367,-10.308,-10.411
1904,9,-11.525,-9.987,-10.409,-10.305,-10.409
1904,10,-10.22,-9.912,-10.472,-10.299,-10.406
1904,11,-8.067,-9.92,-10.533,-10.335,-10.399
1904,12,-9.976,-9.942,-10.521,-10.334,-10.408
1905,1,-10.44,-9.921,-10.532,-10.322,-10.402
1905,2,-10.841,-9.845,-10.548,-10.345,-10.392
1905,3,-8.145,-9.717,-10.56,-10.324,-10.383
1905,4,-8.506,-9.807,-10.577,-10.336,-10.377
1905,5,-9.526,-9.859,-10.564,-10.35,-10.375
1905,6,-10.611,-9.807,-10.492,-10.354,-10.381
1905,7,-10.315,-9.747,-10.486,-10.35,-10.382
1905,8,-9.973,-9.822,-10.479,-10.358,-10.378
1905,9,-9.977,-10.035,-10.518,-10.365,-10.378
1905,10,-11.301,-10.034,-10.516,-10.367,-10.373
1905,11,-8.697,-10.072,-10.49,-10.339,-10.362
1905,12,-9.35,-9.987,-10.5,-10.346,-10.355
1906,1,-9.719,-9.924,-10.485,-10.379,-10.353
1906,2,-11.747,-9.952,-10.481,-10.393,-10.353
1906,3,-10.697,-9.934,-10.456,-10.388,-10.348
1906,4,-8.497,-9.767,-10.448,-10.398,-10.335
1906,5,-9.985,-9.831,-10.441,-10.396,-10.331
1906,6,-9.592,-10.112,-10.479,-10.388,-10.332
1906,7,-9.555,-10.463,-10.538,-10.389,-10.329
1906,8,-10.311,-10.566,-10.51,-10.392,-10.329
1906,9,-9.763,-10.701,-10.433,-10.399,-10.327
1906,10,-9.297,-11.179,-10.504,-10.396,-10.33
1906,11,-9.462,-11.481,-10.519,-10.404,-10.313
1906,12,-12.725,-11.591,-10.514,-10.394,-10.323
1907,1,-13.929,-11.68,-10.504,-10.421,-10.331
1907,2,-12.977,-11.748,-10.494,-10.43,-10.338
1907,3,-12.318,-11.834,-10.466,-10.449,-10.331
1907,4,-14.239,-11.926,-10.462,-10.449,-10.333
1907,5,-13.609,-11.997,-10.52,-10.448,-10.339
1907,6,-10.911,-11.555,-10.505,-10.436,-10.346
1907,7,-10.618,-11.1,-10.467,-10.448,-10.347
1907,8,-11.133,-10.823,-10.52,-10.451,-10.349
1907,9,-10.79,-10.887,-10.518,-10.452,-10.347
1907,10,-10.405,-10.604,-10.526,-10.453,-10.35
1907,11,-10.315,-10.273,-10.548,-10.429,-10.332
1907,12,-7.416,-10.235,-10.536,-10.408,-10.362
1908,1,-8.467,-10.16,-10.529,-10.436,-10.37
1908,2,-9.654,-10.109,-10.544,-10.452,-10.375
1908,3,-13.082,-9.979,-10.558,-10.467,-10.383
1908,4,-10.85,-9.962,-10.53,-10.453,-10.39
1908,5,-9.632,-9.942,-10.538,-10.45,-10.402
1908,6,-10.457,-10.245,-10.55,-10.456,-10.409
1908,7,-9.723,-10.726,-10.634,-10.459,-10.414
1908,8,-10.522,-11.033,-10.62,-10.457,-10.417
1908,9,-9.222,-10.558,-10.605,-10.456,-10.423
1908,10,-10.207,-10.793,-10.638,-10.46,-10.419
1908,11,-10.073,-10.849,-10.624,-10.454,-10.405
1908,12,-11.047,-10.817,-10.625,-10.443,-10.4
1909,1,-14.244,-10.836,-10.635,-10.437,-10.385
1909,2,-13.332,-10.815,-10.639,-10.441,-10.367
1909,3,-7.386,-10.865,-10.661,-10.433,-10.363
1909,4,-13.672,-10.847,-10.657,-10.451,-10.358
1909,5,-10.307,-10.969,-10.701,-10.461,-10.356
1909,6,-10.064,-10.808,-10.611,-10.465,-10.354
1909,7,-9.959,-10.297,-10.576,-10.466,-10.353
1909,8,-10.272,-10.357,-10.492,-10.465,-10.348
1909,9,-9.822,-10.409,-10.489,-10.45,-10.345
1909,10,-9.988,-10.02,-10.426,-10.436,-10.355
1909,11,-11.533,-10.063,-10.363,-10.455,-10.378
1909,12,-9.117,-10.052,-10.35,-10.462,-10.388
1910,1,-8.117,-10.047,-10.364,-10.445,-10.396
1910,2,-14.048,-10.097,-10.355,-10.42,-10.376
1910,3,-8.011,-10.177,-10.343,-10.422,-10.378
1910,4,-9,-10.147,-10.328,-10.405,-10.392
1910,5,-10.825,-9.949,-10.294,-10.404,-10.397
1910,6,-9.931,-10.032,-10.324,-10.412,-10.402
1910,7,-9.898,-10.585,-10.387,-10.415,-10.401
1910,8,-10.875,-10.323,-10.425,-10.414,-10.4
1910,9,-10.78,-10.472,-10.416,-10.418,-10.398
1910,10,-9.63,-10.593,-10.39,-10.407,-10.398
1910,11,-9.159,-10.455,-10.409,-10.407,-10.387
1910,12,-10.113,-10.43,-10.412,-10.389,-10.385
1911,1,-14.746,-10.454,-10.433,-10.402,-10.374
1911,2,-10.907,-10.424,-10.433,-10.398,-10.375
1911,3,-9.806,-10.448,-10.456,-10.405,-10.379
1911,4,-10.447,-10.403,-10.473,-10.405,-10.381
1911,5,-9.169,-10.648,-10.468,-10.4,-10.381
1911,6,-9.627,-10.413,-10.408,-10.405,-10.373
1911,7,-10.191,-10.171,-10.336,-10.406,-10.369
1911,8,-10.514,-9.926,-10.372,-10.407,-10.371
1911,9,-11.065,-10.117,-10.432,-10.407,-10.37
1911,10,-9.089,-10.122,-10.398,-10.417,-10.367
1911,11,-12.1,-10.176,-10.403,-10.417,-10.37
1911,12,-7.298,-10.218,-10.416,-10.409,-10.371
1912,1,-11.834,-10.322,-10.428,-10.394,-10.371
1912,2,-7.971,-10.33,-10.436,-10.396,-10.4
1912,3,-12.096,-10.247,-10.433,-10.383,-10.404
1912,4,-10.514,-10.28,-10.411,-10.356,-10.402
1912,5,-9.808,-9.96,-10.39,-10.34,-10.399
1912,6,-10.135,-10.121,-10.419,-10.346,-10.396
1912,7,-11.442,-10.154,-10.424,-10.338,-10.398
1912,8,-10.602,-10.487,-10.321,-10.336,-10.398
1912,9,-10.072,-10.523,-10.326,-10.326,-10.398
1912,10,-9.482,-10.422,-10.284,-10.337,-10.405
1912,11,-8.261,-10.504,-10.261,-10.323,-10.397
1912,12,-9.239,-10.545,-10.287,-10.398,-10.401
1913,1,-12.231,-10.504,-10.301,-10.416,-10.413
1913,2,-11.96,-10.497,-10.283,-10.446,-10.419
1913,3,-12.532,-10.545,-10.278,-10.434,-10.436
1913,4,-9.301,-10.687,-10.284,-10.436,-10.439
1913,5,-10.796,-10.812,-10.277,-10.458,-10.436
1913,6,-10.625,-10.665,-10.227,-10.471,-10.434
1913,7,-10.949,-10.474,-10.171,-10.486,-10.432
1913,8,-10.519,-10.769,-10.175,-10.488,-10.433
1913,9,-10.641,-10.64,-10.204,-10.501,-10.429
1913,10,-11.189,-10.835,-10.173,-10.503,-10.422
1913,11,-9.767,-10.816,-10.175,-10.498,-10.409
1913,12,-7.465,-10.836,-10.186,-10.48,-10.409
1914,1,-9.95,-10.812,-10.177,-10.422,-10.407
1914,2,-15.493,-10.831,-10.175,-10.394,-10.379
1914,3,-10.98,-10.75,-10.153,-10.438,-10.352
1914,4,-11.647,-10.537,-10.178,-10.399,-10.357
1914,5,-10.569,-10.582,-10.133,-10.397,-10.358
1914,6,-10.864,-10.862,-10.207,-10.396,-10.36
1914,7,-10.663,-10.738,-10.212,-10.396,-10.359
1914,8,-10.744,-10.099,-10.301,-10.388,-10.356
1914,9,-9.675,-9.878,-10.277,-10.386,-10.349
1914,10,-8.623,-9.448,-10.286,-10.411,-10.346
1914,11,-10.309,-9.354,-10.316,-10.422,-10.353
1914,12,-10.83,-9.408,-10.341,-10.443,-10.363
1915,1,-8.453,-9.414,-10.313,-10.47,-10.374
1915,2,-7.828,-9.335,-10.317,-10.407,-10.38
1915,3,-8.331,-9.398,-10.31,-10.433,-10.388
1915,4,-6.49,-9.513,-10.347,-10.449,-10.39
1915,5,-9.444,-9.381,-10.353,-10.444,-10.393
1915,6,-11.504,-9.072,-10.472,-10.449,-10.39
1915,7,-10.74,-9.316,-10.446,-10.451,-10.39
1915,8,-9.799,-9.596,-10.467,-10.442,-10.389
1915,9,-10.429,-9.862,-10.453,-10.432,-10.39
1915,10,-9.997,-10.037,-10.483,-10.43,-10.392
1915,11,-8.725,-10.026,-10.506,-10.434,-10.398
1915,12,-7.122,-9.921,-10.529,-10.424,-10.384
1916,1,-11.383,-9.831,-10.54,-10.368,-10.372
1916,2,-11.189,-9.879,-10.544,-10.356,-10.361
1916,3,-11.522,-9.826,-10.545,-10.37,-10.356
1916,4,-8.589,-9.872,-10.533,-10.364,-10.366
1916,5,-9.314,-9.928,-10.527,-10.365,-10.366
1916,6,-10.242,-10.317,-10.552,-10.358,-10.37
1916,7,-9.665,-10.379,-10.507,-10.349,-10.374
1916,8,-10.376,-10.553,-10.416,-10.351,-10.377
1916,9,-9.792,-10.484,-10.445,-10.34,-10.382
1916,10,-10.55,-10.689,-10.399,-10.339,-10.38
1916,11,-9.392,-10.881,-10.391,-10.335,-10.385
1916,12,-11.795,-10.995,-10.375,-10.348,-10.376
1917,1,-12.119,-11.003,-10.364,-10.32,-10.356
1917,2,-13.277,-11.043,-10.339,-10.371,-10.346
1917,3,-10.696,-11.029,-10.338,-10.359,-10.327
1917,4,-11.052,-11.125,-10.411,-10.354,-10.312
1917,5,-11.613,-11.061,-10.454,-10.351,-10.3
1917,6,-11.609,-11.442,-10.466,-10.356,-10.299
1917,7,-9.767,-11.321,-10.515,-10.349,-10.296
1917,8,-10.857,-11.32,-10.494,-10.345,-10.294
1917,9,-9.626,-11.401,-10.539,-10.345,-10.288
1917,10,-11.692,-11.405,-10.614,-10.357,-10.282
1917,11,-8.627,-11.455,-10.627,-10.365,-10.292
1917,12,-16.371,-11.487,-10.612,-10.394,-10.315
1918,1,-10.667,-11.641,-10.601,-10.39,-10.312
1918,2,-13.265,-11.63,-10.601,-10.387,-10.308
1918,3,-11.662,-11.72,-10.587,-10.406,-10.292
1918,4,-11.1,-11.619,-10.577,-10.425,-10.3
1918,5,-12.211,-11.686,-10.592,-10.422,-10.299
1918,6,-12.004,-11.068,-10.621,-10.411,-10.296
1918,7,-11.604,-10.784,-10.566,-10.404,-10.296
1918,8,-10.732,-10.511,-10.538,-10.409,-10.297
1918,9,-10.708,-10.599,-10.536,-10.402,-10.303
1918,10,-10.479,-10.417,-10.555,-10.384,-10.301
1918,11,-9.427,-10.239,-10.555,-10.363,-10.291
1918,12,-8.955,-10.065,-10.531,-10.374,-10.27
1919,1,-7.256,-9.93,-10.522,-10.378,-10.252
1919,2,-9.993,-9.808,-10.527,-10.318,-10.242
1919,3,-12.723,-9.716,-10.526,-10.271,-10.254
1919,4,-8.91,-9.924,-10.499,-10.263,-10.241
1919,5,-10.074,-10.213,-10.538,-10.256,-10.245
1919,6,-9.923,-10.433,-10.488,-10.254,-10.248
1919,7,-9.98,-10.777,-10.428,-10.252,-10.253
1919,8,-9.273,-10.491,-10.442,-10.248,-10.253
1919,9,-9.594,-10.35,-10.441,-10.248,-10.255
1919,10,-12.978,-10.521,-10.421,-10.255,-10.249
1919,11,-12.897,-10.534,-10.385,-10.251,-10.244
1919,12,-11.591,-10.59,-10.372,-10.264,-10.255
1920,1,-11.383,-10.598,-10.384,-10.302,-10.268
1920,2,-6.566,-10.645,-10.373,-10.339,-10.252
1920,3,-11.029,-10.642,-10.38,-10.354,-10.254
1920,4,-10.962,-10.345,-10.367,-10.375,-10.258
1920,5,-10.23,-10.072,-10.376,-10.381,-10.254
1920,6,-10.595,-9.847,-10.317,-10.369,-10.25
1920,7,-10.074,-9.571,-10.335,-10.364,-10.249
1920,8,-9.847,-9.813,-10.306,-10.365,-10.244
1920,9,-9.548,-9.848,-10.359,-10.362,-10.237
1920,10,-9.413,-9.744,-10.368,-10.378,-10.239
1920,11,-9.625,-9.666,-10.338,-10.389,-10.237
1920,12,-8.887,-9.518,-10.293,-10.38,-10.22
1921,1,-8.08,-9.437,-10.268,-10.343,-10.185
1921,2,-9.466,-9.507,-10.274,-10.324,-10.166
1921,3,-11.445,-9.524,-10.259,-10.306,-10.165
1921,4,-9.715,-9.485,-10.234,-10.326,-10.161
1921,5,-9.295,-9.66,-10.199,-10.333,-10.165
1921,6,-8.819,-9.65,-10.196,-10.335,-10.164
1921,7,-9.108,-9.688,-10.248,-10.343,-10.159
1921,8,-10.684,-10.074,-10.219,-10.347,-10.156
1921,9,-9.753,-10.006,-10.096,-10.357,-10.145
1921,10,-8.939,-10.021,-10.127,-10.343,-10.143
1921,11,-11.726,-10.033,-10.121,-10.353,-10.127
1921,12,-8.773,-10.199,-10.133,-10.344,-10.129
1922,1,-8.539,-10.316,-10.139,-10.319,-10.115
1922,2,-14.088,-10.272,-10.156,-10.295,-10.134
1922,3,-10.638,-10.298,-10.159,-10.271,-10.13
1922,4,-9.892,-10.464,-10.1,-10.268,-10.124
1922,5,-9.439,-10.251,-10.048,-10.261,-10.12
1922,6,-10.814,-10.587,-10.062,-10.252,-10.118
1922,7,-10.508,-10.857,-10.089,-10.254,-10.113
1922,8,-10.158,-10.641,-10.184,-10.251,-10.105
1922,9,-10.057,-10.991,-10.168,-10.25,-10.102
1922,10,-10.931,-11.137,-10.137,-10.227,-10.105
1922,11,-9.176,-11.218,-10.136,-10.261,-10.123
1922,12,-12.804,-11.093,-10.126,-10.232,-10.131
1923,1,-11.777,-11.061,-10.128,-10.209,-10.123
1923,2,-11.504,-11.138,-10.128,-10.17,-10.121
1923,3,-14.829,-11.114,-10.138,-10.15,-10.11
1923,4,-11.65,-10.955,-10.179,-10.163,-10.113
1923,5,-10.408,-10.799,-10.187,-10.14,-10.109
1923,6,-9.315,-10.462,-10.139,-10.121,-10.109
1923,7,-10.129,-10.348,-10.119,-10.106,-10.107
1923,8,-11.073,-10.077,-10.11,-10.106,-10.104
1923,9,-9.776,-9.287,-10.077,-10.105,-10.099
1923,10,-9.022,-9.212,-10.097,-10.1,-10.099
1923,11,-7.305,-9.152,-10.11,-10.085,-10.112
1923,12,-8.759,-9.266,-10.139,-10.059,-10.15
1924,1,-10.411,-9.284,-10.164,-10.083,-10.151
1924,2,-8.252,-9.218,-10.166,-10.09,-10.13
1924,3,-5.346,-9.216,-10.188,-10.069,-10.131
1924,4,-10.746,-9.25,-10.187,-10.084,-10.121
1924,5,-9.689,-9.458,-10.168,-10.094,-10.118
1924,6,-10.686,-9.764,-10.199,-10.101,-10.116
1924,7,-10.339,-9.981,-10.209,-10.11,-10.114
1924,8,-10.282,-10.313,-10.148,-10.119,-10.116
1924,9,-9.75,-10.71,-10.101,-10.125,-10.12
1924,10,-9.434,-10.571,-10.114,-10.088,-10.124
1924,11,-9.797,-10.611,-10.137,-10.066,-10.117
1924,12,-12.434,-10.556,-10.132,-10.068,-10.116
1925,1,-13.018,-10.542,-10.124,-10.067,-10.139
1925,2,-12.233,-10.504,-10.13,-10.096,-10.138
1925,3,-10.107,-10.536,-10.121,-10.076,-10.153
1925,4,-9.084,-10.739,-10.087,-10.066,-10.173
1925,5,-10.17,-10.766,-10.146,-10.063,-10.177
1925,6,-10.024,-10.234,-10.148,-10.051,-10.17
1925,7,-10.165,-9.72,-10.082,-10.048,-10.164
1925,8,-9.837,-9.442,-10.035,-10.045,-10.165
1925,9,-10.128,-9.389,-9.94,-10.042,-10.163
1925,10,-11.874,-9.544,-9.958,-10.048,-10.167
1925,11,-10.116,-9.538,-9.941,-10.039,-10.186
1925,12,-6.048,-9.581,-9.948,-10.017,-10.194
1926,1,-6.848,-9.616,-9.943,-10.002,-10.196
1926,2,-8.907,-9.699,-9.938,-9.976,-10.212
1926,3,-9.463,-9.779,-9.951,-9.96,-10.197
1926,4,-10.944,-9.527,-9.966,-9.957,-10.21
1926,5,-10.099,-9.564,-9.97,-9.964,-10.215
1926,6,-10.546,-9.949,-9.923,-9.969,-10.214
1926,7,-10.578,-10.139,-9.918,-9.969,-10.213
1926,8,-10.84,-10.267,-9.961,-9.96,-10.212
1926,9,-11.085,-10.131,-10.041,-9.951,-10.214
1926,10,-8.849,-10.107,-10.04,-9.947,-10.22
1926,11,-10.562,-10.167,-10.068,-9.918,-10.228
1926,12,-10.667,-10.165,-10.068,-9.91,-10.228
1927,1,-9.126,-10.117,-10.08,-9.909,-10.226
1927,2,-10.442,-10.089,-10.082,-9.897,-10.212
1927,3,-7.83,-9.96,-10.091,-9.901,-10.201
1927,4,-10.654,-9.965,-10.077,-9.895,-10.189
1927,5,-10.822,-10.145,-10.085,-9.89,-10.179
1927,6,-10.524,-10.33,-10.074,-9.88,-10.168
1927,7,-10.004,-10.224,-10.045,-9.877,-10.168
1927,8,-10.501,-10.073,-10.008,-9.865,-10.164
1927,9,-9.537,-10.185,-9.983,-9.859,-10.164
1927,10,-8.915,-10.356,-9.996,-9.853,-10.152
1927,11,-12.721,-10.24,-9.99,-9.881,-10.155
1927,12,-12.882,-10.172,-9.975,-9.867,-10.133
1928,1,-7.854,-10.158,-9.967,-9.855,-10.123
1928,2,-8.636,-10.178,-9.962,-9.856,-10.116
1928,3,-9.174,-10.262,-9.946,-9.815,-10.101
1928,4,-12.704,-10.347,-9.918,-9.801,-10.099
1928,5,-9.424,-9.918,-9.892,-9.797,-10.085
1928,6,-9.706,-9.337,-9.894,-9.806,-10.073
1928,7,-9.844,-9.524,-9.884,-9.81,-10.063
1928,8,-10.742,-9.709,-9.842,-9.799,-10.059
1928,9,-10.542,-9.791,-9.844,-9.797,-10.047
1928,10,-9.935,-9.624,-9.818,-9.814,-10.036
1928,11,-7.575,-9.783,-9.818,-9.861,-10.037
1928,12,-5.91,-9.866,-9.799,-9.927,-10.03
1929,1,-10.101,-9.968,-9.775,-9.924,-10.031
1929,2,-10.847,-9.938,-9.755,-9.942,-10.048
1929,3,-10.165,-9.916,-9.714,-9.992,-10.05
1929,4,-10.695,-9.807,-9.708,-9.979,-10.049
1929,5,-11.334,-10.031,-9.669,-9.98,-10.045
1929,6,-10.702,-10.518,-9.622,-9.977,-10.046
1929,7,-11.071,-10.617,-9.61,-9.977,-10.045
1929,8,-10.382,-10.548,-9.647,-9.984,-10.046
1929,9,-10.275,-10.42,-9.701,-9.992,-10.048
1929,10,-8.623,-10.35,-9.676,-9.993,-10.043
1929,11,-10.264,-10.224,-9.643,-9.982,-10.025
1929,12,-11.762,-10.093,-9.627,-9.967,-9.996
1930,1,-11.282,-9.977,-9.63,-9.976,-9.972
1930,2,-10.016,-9.903,-9.601,-9.938,-9.978
1930,3,-8.635,-9.811,-9.596,-9.953,-9.964
1930,4,-9.85,-9.944,-9.619,-9.97,-9.954
1930,5,-9.828,-9.803,-9.615,-9.972,-9.949
1930,6,-9.123,-9.334,-9.586,-9.971,-9.95
1930,7,-9.684,-8.917,-9.627,-9.963,-9.949
1930,8,-9.498,-8.614,-9.678,-9.965,-9.949
1930,9,-9.169,-8.694,-9.69,-9.963,-9.943
1930,10,-10.214,-8.652,-9.645,-9.957,-9.94
1930,11,-8.575,-8.678,-9.652,-9.983,-9.947
1930,12,-6.131,-8.699,-9.664,-10.007,-9.948
1931,1,-6.287,-8.655,-9.677,-10.048,-9.95
1931,2,-6.373,-8.665,-9.661,-10.101,-9.937
1931,3,-9.59,-8.621,-9.643,-10.087,-9.925
1931,4,-9.346,-8.475,-9.663,-10.094,-9.924
1931,5,-10.14,-8.449,-9.752,-10.097,-9.925
1931,6,-9.378,-8.589,-9.93,-10.092,-9.927
1931,7,-9.161,-8.766,-9.93,-10.084,-9.927
1931,8,-9.613,-9.29,-9.922,-10.077,-9.927
1931,9,-8.641,-9.415,-9.943,-10.07,-9.931
1931,10,-8.461,-9.398,-9.917,-10.096,-9.937
1931,11,-8.27,-9.289,-9.892,-10.103,-9.932
1931,12,-7.804,-9.306,-9.886,-10.112,-9.934
1932,1,-8.411,-9.392,-9.874,-10.134,-9.924
1932,2,-12.67,-9.319,-9.887,-10.13,-9.901
1932,3,-11.09,-9.372,-9.892,-10.132,-9.881
1932,4,-9.135,-9.521,-9.909,-10.111,-9.878
1932,5,-8.833,-9.872,-9.88,-10.096,-9.877
1932,6,-9.581,-10.154,-9.86,-10.084,-9.873
1932,7,-10.195,-10.313,-9.906,-10.081,-9.871
1932,8,-8.736,-10.229,-9.868,-10.077,-9.87
1932,9,-9.276,-10.128,-9.923,-10.077,-9.87
1932,10,-10.252,-10.2,-9.944,-10.076,-9.858
1932,11,-12.48,-10.284,-9.954,-10.048,-9.867
1932,12,-11.184,-10.358,-9.966,-10.033,-9.862
1933,1,-10.321,-10.395,-9.959,-10.038,-9.858
1933,2,-11.662,-10.48,-9.968,-10.062,-9.847
1933,3,-9.88,-10.497,-9.981,-10.052,-9.838
1933,4,-9.997,-10.568,-9.996,-10.036,-9.83
1933,5,-9.847,-10.606,-10.073,-10.03,-9.831
1933,6,-10.46,-11.058,-10.121,-10.026,-9.836
1933,7,-10.645,-11.037,-10.213,-10.019,-9.834
1933,8,-9.761,-10.931,-10.359,-10.011,-9.828
1933,9,-9.477,-11.058,-10.33,-9.989,-9.826
1933,10,-11.102,-10.987,-10.371,-9.972,-9.821
1933,11,-12.932,-10.985,-10.375,-9.989,-9.819
1933,12,-16.613,-10.974,-10.385,-10,-9.816
1934,1,-10.065,-10.949,-10.392,-9.979,-9.792
1934,2,-10.392,-11.068,-10.399,-10.007,-9.799
1934,3,-11.402,-11.161,-10.426,-10.031,-9.821
1934,4,-9.149,-11.037,-10.485,-10.015,-9.81
1934,5,-9.823,-10.668,-10.537,-9.996,-9.808
1934,6,-10.322,-10.168,-10.603,-9.992,-9.804
1934,7,-10.347,-10.5,-10.658,-9.98,-9.803
1934,8,-11.19,-10.275,-10.612,-9.973,-9.8
1934,9,-10.6,-10.318,-10.562,-9.972,-9.796
1934,10,-9.606,-10.486,-10.547,-9.997,-9.794
1934,11,-8.509,-10.536,-10.549,-9.984,-9.787
1934,12,-10.611,-10.494,-10.542,-9.925,-9.768
1935,1,-14.045,-10.402,-10.532,-9.877,-9.745
1935,2,-7.696,-10.31,-10.553,-9.861,-9.728
1935,3,-11.919,-10.255,-10.558,-9.852,-9.712
1935,4,-11.161,-10.379,-10.534,-9.841,-9.725
1935,5,-10.429,-10.77,-10.482,-9.836,-9.729
1935,6,-9.82,-10.636,-10.481,-9.848,-9.732
1935,7,-9.236,-10.449,-10.448,-9.85,-9.732
1935,8,-10.089,-11.072,-10.446,-9.853,-9.732
1935,9,-9.944,-10.732,-10.415,-9.844,-9.733
1935,10,-11.097,-10.783,-10.427,-9.832,-9.722
1935,11,-13.191,-10.781,-10.408,-9.855,-9.73
1935,12,-9.002,-10.796,-10.387,-9.879,-9.748
1936,1,-11.801,-10.823,-10.361,-9.898,-9.759
1936,2,-15.173,-10.82,-10.361,-9.899,-9.772
1936,3,-7.836,-10.845,-10.335,-9.89,-9.756
1936,4,-11.775,-10.921,-10.281,-9.891,-9.749
1936,5,-10.413,-10.771,-10.225,-9.885,-9.747
1936,6,-9.995,-10.999,-10.07,-9.885,-9.747
1936,7,-9.559,-10.994,-10.027,-9.885,-9.747
1936,8,-10.059,-10.555,-10.091,-9.893,-9.744
1936,9,-10.243,-10.575,-10.118,-9.911,-9.738
1936,10,-12.002,-10.278,-10.113,-9.926,-9.744
1936,11,-11.398,-10.159,-10.101,-9.945,-9.746
1936,12,-11.737,-10.087,-10.098,-9.957,-9.75
1937,1,-11.74,-10.094,-10.087,-9.938,-9.75
1937,2,-9.901,-10.086,-10.059,-9.904,-9.742
1937,3,-8.074,-10.033,-10.052,-9.86,-9.737
1937,4,-8.214,-9.763,-10.086,-9.862,-9.743
1937,5,-8.993,-9.594,-10.088,-9.865,-9.744
1937,6,-9.129,-9.542,-9.99,-9.866,-9.744
1937,7,-9.634,-9.262,-9.848,-9.865,-9.743
1937,8,-9.961,-9.398,-9.853,-9.875,-9.743
1937,9,-9.608,-9.391,-9.781,-9.881,-9.745
1937,10,-8.763,-9.6,-9.738,-9.862,-9.739
1937,11,-9.374,-9.579,-9.717,-9.853,-9.717
1937,12,-11.118,-9.586,-9.73,-9.858,-9.694
1938,1,-8.373,-9.537,-9.741,-9.862,-9.693
1938,2,-11.539,-9.522,-9.738,-9.838,-9.711
1938,3,-7.99,-9.38,-9.707,-9.862,-9.727
1938,4,-10.719,-9.307,-9.668,-9.86,-9.727
1938,5,-8.745,-9.321,-9.636,-9.866,-9.726
1938,6,-9.208,-9.007,-9.638,-9.865,-9.725
1938,7,-9.05,-8.933,-9.583,-9.858,-9.722
1938,8,-9.776,-9.156,-9.439,-9.856,-9.716
1938,9,-7.909,-9.575,-9.45,-9.856,-9.709
1938,10,-7.879,-9.42,-9.41,-9.828,-9.705
1938,11,-9.551,-9.447,-9.395,-9.777,-9.704
1938,12,-7.34,-9.528,-9.384,-9.706,-9.725
1939,1,-7.492,-9.58,-9.379,-9.659,-9.723
1939,2,-14.217,-9.559,-9.387,-9.656,-9.738
1939,3,-13.017,-9.746,-9.397,-9.649,-9.732
1939,4,-8.852,-10.059,-9.367,-9.64,-9.724
1939,5,-9.07,-9.984,-9.353,-9.637,-9.721
1939,6,-10.181,-9.766,-9.311,-9.631,-9.718
1939,7,-9.677,-9.604,-9.218,-9.628,-9.715
1939,8,-9.519,-9.086,-9.196,-9.615,-9.71
1939,9,-10.159,-8.634,-9.159,-9.601,-9.707
1939,10,-11.631,-8.612,-9.177,-9.595,-9.713
1939,11,-8.655,-8.619,-9.18,-9.593,-9.702
1939,12,-4.718,-8.655,-9.19,-9.57,-9.695
1940,1,-5.546,-8.67,-9.198,-9.515,-9.711
1940,2,-8.001,-8.705,-9.197,-9.519,-9.719
1940,3,-7.602,-8.531,-9.203,-9.471,-9.725
1940,4,-8.578,-8.292,-9.191,-9.479,-9.732
1940,5,-9.16,-8.51,-9.224,-9.486,-9.733
1940,6,-10.611,-8.877,-9.234,-9.493,-9.738
1940,7,-9.86,-9.125,-9.276,-9.502,-9.741
1940,8,-9.938,-9,-9.23,-9.5,-9.747
1940,9,-8.072,-9.076,-9.309,-9.503,-9.75
1940,10,-8.763,-9.143,-9.293,-9.488,-9.753
1940,11,-11.269,-9.168,-9.324,-9.477,-9.765
1940,12,-9.121,-9.066,-9.343,-9.49,-9.774
1941,1,-8.523,-9.012,-9.355,-9.469,-9.791
1941,2,-6.5,-9.063,-9.35,-9.444,-9.809
1941,3,-8.515,-9.292,-9.376,-9.425,-9.812
1941,4,-9.384,-9.417,-9.375,-9.405,-9.809
1941,5,-9.463,-9.354,-9.33,-9.398,-9.804
1941,6,-9.389,-9.362,-9.341,-9.402,-9.808
1941,7,-9.202,-9.168,-9.291,-9.41,-9.812
1941,8,-10.557,-9.342,-9.22,-9.41,-9.813
1941,9,-10.824,-9.117,-9.18,-9.407,-9.817
1941,10,-10.255,-9.113,-9.168,-9.391,-9.828
1941,11,-10.512,-9.087,-9.173,-9.39,-9.84
1941,12,-9.225,-9.115,-9.163,-9.387,-9.859
1942,1,-6.19,-9.194,-9.169,-9.366,-9.873
1942,2,-8.584,-9.138,-9.172,-9.353,-9.858
1942,3,-5.82,-9.065,-9.15,-9.343,-9.848
1942,4,-9.334,-8.881,-9.105,-9.374,-9.841
1942,5,-9.147,-8.953,-9.097,-9.392,-9.837
1942,6,-9.727,-9.161,-9.15,-9.403,-9.836
1942,7,-10.148,-9.548,-9.182,-9.405,-9.835
1942,8,-9.89,-9.569,-9.184,-9.408,-9.841
1942,9,-9.947,-10.144,-9.16,-9.413,-9.842
1942,10,-8.051,-10.176,-9.22,-9.402,-9.842
1942,11,-11.372,-10.299,-9.255,-9.386,-9.822
1942,12,-11.719,-10.352,-9.255,-9.354,-9.796
1943,1,-10.84,-10.319,-9.263,-9.348,-9.795
1943,2,-8.831,-10.286,-9.262,-9.36,-9.773
1943,3,-12.721,-10.246,-9.299,-9.401,-9.765
1943,4,-9.719,-10.226,-9.307,-9.419,-9.752
1943,5,-10.625,-9.847,-9.317,-9.423,-9.751
1943,6,-10.362,-9.542,-9.341,-9.425,-9.749
1943,7,-9.753,-9.012,-9.354,-9.425,-9.746
1943,8,-9.488,-9.104,-9.448,-9.421,-9.743
1943,9,-9.471,-8.929,-9.4,-9.428,-9.743
1943,10,-7.814,-8.795,-9.399,-9.438,-9.735
1943,11,-6.822,-8.692,-9.401,-9.42,-9.71
1943,12,-8.053,-8.628,-9.42,-9.45,-9.678
1944,1,-4.49,-8.652,-9.441,-9.468,-9.693
1944,2,-9.926,-8.666,-9.434,-9.47,-9.678
1944,3,-10.63,-8.613,-9.417,-9.434,-9.668
1944,4,-8.107,-8.709,-9.416,-9.433,-9.687
1944,5,-9.393,-8.823,-9.426,-9.446,-9.687
1944,6,-9.586,-8.808,-9.464,-9.445,-9.684
1944,7,-10.041,-9.058,-9.515,-9.449,-9.681
1944,8,-9.659,-8.908,-9.511,-9.447,-9.671
1944,9,-8.838,-8.535,-9.528,-9.442,-9.665
1944,10,-8.964,-8.873,-9.571,-9.429,-9.663
1944,11,-8.187,-9.027,-9.604,-9.42,-9.658
1944,12,-7.876,-9.116,-9.616,-9.465,-9.646
1945,1,-7.496,-9.139,-9.611,-9.544,-9.617
1945,2,-8.125,-9.156,-9.619,-9.577,-9.63
1945,3,-6.154,-9.279,-9.623,-9.599,-9.633
1945,4,-12.155,-9.302,-9.613,-9.623,-9.619
1945,5,-11.24,-9.611,-9.548,-9.63,-9.614
1945,6,-10.653,-9.833,-9.473,-9.627,-9.609
1945,7,-10.323,-9.981,-9.42,-9.632,-9.609
1945,8,-9.86,-10.319,-9.489,-9.642,-9.606
1945,9,-10.315,-10.273,-9.493,-9.656,-9.607
1945,10,-9.247,-10.039,-9.545,-9.673,-9.595
1945,11,-11.885,-9.901,-9.521,-9.676,-9.59
1945,12,-10.55,-9.889,-9.506,-9.669,-9.601
1946,1,-9.271,-9.901,-9.496,-9.684,-9.584
1946,2,-12.172,-9.924,-9.493,-9.72,-9.564
1946,3,-5.61,-9.881,-9.48,-9.734,-9.578
1946,4,-9.346,-9.959,-9.5,-9.728,-9.572
1946,5,-9.585,-9.899,-9.51,-9.723,-9.579
1946,6,-10.499,-9.975,-9.559,-9.73,-9.579
1946,7,-10.477,-9.973,-9.645,-9.738,-9.58
1946,8,-10.128,-9.654,-9.72,-9.733,-9.581
1946,9,-9.804,-9.758,-9.688,-9.722,-9.584
1946,10,-10.178,-9.972,-9.697,-9.73,-9.58
1946,11,-11.17,-10.098,-9.719,-9.735,-9.573
1946,12,-11.458,-10.097,-9.726,-9.761,-9.575
1947,1,-9.247,-10.041,-9.729,-9.807,-9.578
1947,2,-8.345,-10.066,-9.723,-9.812,-9.58
1947,3,-6.854,-10.097,-9.735,-9.835,-9.576
1947,4,-11.921,-9.871,-9.752,-9.821,-9.583
1947,5,-11.099,-9.561,-9.742,-9.81,-9.59
1947,6,-10.484,-9.208,-9.781,-9.807,-9.595
1947,7,-9.807,-9.073,-9.905,-9.804,-9.596
1947,8,-10.425,-9.463,-9.97,-9.806,-9.596
1947,9,-10.17,-9.971,-10.037,-9.804,-9.593
1947,10,-7.467,-10.046,-10.026,-9.823,-9.598
1947,11,-7.457,-9.887,-10.005,-9.791,-9.599
1947,12,-7.219,-9.801,-9.999,-9.734,-9.594
1948,1,-7.631,-9.746,-10.001,-9.728,-9.578
1948,2,-13.019,-9.652,-10.021,-9.708,-9.572
1948,3,-12.956,-9.531,-10.013,-9.669,-9.563
1948,4,-12.819,-9.66,-10.039,-9.644,-9.558
1948,5,-9.189,-9.654,-10.035,-9.635,-9.56
1948,6,-9.452,-9.972,-9.997,-9.632,-9.565
1948,7,-9.152,-10.139,-10.014,-9.634,-9.568
1948,8,-9.294,-10.256,-9.991,-9.631,-9.566
1948,9,-8.713,-9.903,-10.068,-9.63,-9.571
1948,10,-9.02,-9.557,-10.057,-9.642,-9.578
1948,11,-7.388,-9.68,-10.044,-9.642,-9.581
1948,12,-11.028,-9.728,-10.041,-9.65,-9.595
1949,1,-9.64,-9.816,-10.036,-9.726,-9.603
1949,2,-14.417,-9.818,-10.032,-9.701,-9.591
1949,3,-8.719,-9.89,-10.027,-9.687,-9.577
1949,4,-8.674,-9.968,-10.045,-9.733,-9.584
1949,5,-10.666,-9.986,-10.044,-9.738,-9.592
1949,6,-10.028,-9.915,-10.058,-9.737,-9.593
1949,7,-10.207,-10.358,-10.1,-9.733,-9.592
1949,8,-9.318,-10.16,-10.113,-9.726,-9.596
1949,9,-9.571,-10.282,-10.143,-9.728,-9.592
1949,10,-9.959,-10.514,-10.071,-9.73,-9.593
1949,11,-7.604,-10.459,-10.017,-9.723,-9.604
1949,12,-10.181,-10.481,-9.998,-9.722,-9.609
1950,1,-14.955,-10.499,-9.997,-9.718,-9.621
1950,2,-12.045,-10.647,-9.993,-9.742,-9.615
1950,3,-10.183,-10.666,-9.984,-9.795,-9.634
1950,4,-11.449,-10.736,-10.032,-9.76,-9.64
1950,5,-10.009,-11.072,-10.033,-9.743,-9.637
1950,6,-10.289,-10.915,-9.994,-9.725,-9.63
1950,7,-10.422,-10.528,-10.036,-9.716,-9.629
1950,8,-11.102,-10.422,-9.927,-9.713,-9.626
1950,9,-9.789,-10.428,-9.844,-9.712,-9.632
1950,10,-10.809,-10.197,-9.744,-9.702,-9.634
1950,11,-11.633,-10.097,-9.749,-9.704,-9.63
1950,12,-8.294,-10.096,-9.758,-9.712,-9.626
1951,1,-10.308,-10.077,-9.773,-9.7,-9.629
1951,2,-10.775,-9.977,-9.769,-9.685,-9.639
1951,3,-10.251,-9.955,-9.779,-9.732,-9.648
1951,4,-8.687,-9.991,-9.783,-9.738,-9.65
1951,5,-8.802,-9.944,-9.775,-9.76,-9.655
1951,6,-10.278,-10.28,-9.74,-9.755,-9.655
1951,7,-10.201,-10.403,-9.807,-9.751,-9.656
1951,8,-9.893,-10.262,-9.681,-9.751,-9.652
1951,9,-9.525,-10.131,-9.687,-9.761,-9.651
1951,10,-11.24,-10.039,-9.769,-9.769,-9.655
1951,11,-11.073,-9.961,-9.757,-9.757,-9.652
1951,12,-12.323,-9.885,-9.748,-9.763,-9.658
1952,1,-11.791,-9.847,-9.737,-9.79,-9.676
1952,2,-9.083,-9.87,-9.729,-9.806,-9.695
1952,3,-8.675,-9.88,-9.721,-9.808,-9.705
1952,4,-7.587,-9.804,-9.709,-9.792,-9.71
1952,5,-7.86,-9.51,-9.703,-9.788,-9.718
1952,6,-9.363,-8.89,-9.664,-9.787,-9.717
1952,7,-9.745,-8.749,-9.531,-9.787,-9.716
1952,8,-10.172,-8.536,-9.514,-9.784,-9.715
1952,9,-9.653,-8.475,-9.552,-9.772,-9.714
1952,10,-10.322,-8.411,-9.494,-9.794,-9.715
1952,11,-7.54,-8.547,-9.48,-9.812,-9.705
1952,12,-4.884,-8.603,-9.45,-9.833,-9.692
1953,1,-10.107,-8.625,-9.43,-9.808,-9.689
1953,2,-6.523,-8.532,-9.404,-9.784,-9.69
1953,3,-7.948,-8.507,-9.411,-9.725,-9.685
1953,4,-6.821,-8.416,-9.366,-9.698,-9.679
1953,5,-9.491,-8.361,-9.373,-9.698,-9.68
1953,6,-10.03,-8.701,-9.427,-9.706,-9.678
1953,7,-10.012,-8.995,-9.386,-9.71,-9.676
1953,8,-9.054,-9.026,-9.379,-9.71,-9.677
1953,9,-9.354,-9.117,-9.395,-9.714,-9.678
1953,10,-9.227,-9.683,-9.42,-9.718,-9.68
1953,11,-6.884,-9.721,-9.475,-9.742,-9.688
1953,12,-8.965,-9.677,-9.469,-9.74,-9.693
1954,1,-13.632,-9.639,-9.466,-9.738,-9.709
1954,2,-6.9,-9.622,-9.47,-9.712,-9.698
1954,3,-9.034,-9.599,-9.494,-9.721,-9.715
1954,4,-13.61,-9.596,-9.493,-9.735,-9.728
1954,5,-9.95,-9.628,-9.47,-9.738,-9.729
1954,6,-9.502,-9.535,-9.468,-9.741,-9.733
1954,7,-9.558,-8.977,-9.48,-9.736,-9.732
1954,8,-8.843,-9.323,-9.499,-9.744,-9.734
1954,9,-9.083,-9.608,-9.473,-9.742,-9.74
1954,10,-9.194,-9.137,-9.513,-9.757,-9.744
1954,11,-7.259,-9.076,-9.559,-9.788,-9.751
1954,12,-7.852,-8.992,-9.575,-9.753,-9.77
1955,1,-6.944,-8.964,-9.577,-9.698,-9.781
1955,2,-11.047,-9.02,-9.575,-9.653,-9.802
1955,3,-12.451,-9.113,-9.56,-9.669,-9.819
1955,4,-7.965,-9.023,-9.555,-9.657,-9.808
1955,5,-9.208,-9.424,-9.592,-9.644,-9.801
1955,6,-8.499,-9.731,-9.672,-9.633,-9.8
1955,7,-9.219,-9.804,-9.58,-9.627,-9.8
1955,8,-9.52,-9.75,-9.64,-9.611,-9.802
1955,9,-10.196,-9.644,-9.606,-9.608,-9.807
1955,10,-8.113,-9.828,-9.652,-9.594,-9.812
1955,11,-12.077,-10.07,-9.646,-9.584,-9.807
1955,12,-11.535,-10.191,-9.653,-9.583,-9.799
1956,1,-7.816,-10.257,-9.647,-9.573,-9.812
1956,2,-10.397,-10.304,-9.651,-9.559,-9.799
1956,3,-11.186,-10.372,-9.649,-9.562,-9.809
1956,4,-10.165,-10.625,-9.652,-9.572,-9.815
1956,5,-12.114,-10.427,-9.71,-9.588,-9.817
1956,6,-9.951,-10.484,-9.739,-9.58,-9.813
1956,7,-10.009,-10.873,-9.668,-9.573,-9.809
1956,8,-10.093,-10.858,-9.742,-9.571,-9.807
1956,9,-11.012,-10.52,-9.755,-9.581,-9.802
1956,10,-11.14,-10.504,-9.701,-9.58,-9.803
1956,11,-9.712,-10.38,-9.718,-9.57,-9.811
1956,12,-12.208,-10.414,-9.733,-9.555,-9.799
1957,1,-12.491,-10.401,-9.734,-9.544,-9.799
1957,2,-10.212,-10.399,-9.758,-9.579,-9.818
1957,3,-7.136,-10.211,-9.764,-9.574,-9.843
1957,4,-9.967,-10.117,-9.805,-9.6,-9.845
1957,5,-10.625,-10.118,-9.874,-9.626,-9.842
1957,6,-10.37,-9.911,-9.841,-9.628,-9.842
1957,7,-9.841,-9.249,-9.864,-9.629,-9.843
1957,8,-10.07,-9.242,-9.791,-9.623,-9.84
1957,9,-8.757,-9.138,-9.785,-9.624,-9.836
1957,10,-10.021,-9.11,-9.821,-9.608,-9.842
1957,11,-9.718,-8.986,-9.807,-9.62,-9.852
1957,12,-9.72,-8.992,-9.816,-9.649,-9.853
1958,1,-4.548,-8.974,-9.823,-9.65,-9.865
1958,2,-10.132,-8.912,-9.818,-9.671,-9.85
1958,3,-5.892,-8.949,-9.805,-9.701,-9.825
1958,4,-9.628,-8.9,-9.823,-9.714,-9.811
1958,5,-9.135,-8.952,-9.794,-9.726,-9.815
1958,6,-10.445,-9.036,-9.738,-9.725,-9.818
1958,7,-9.62,-9.439,-9.761,-9.718,-9.824
1958,8,-9.323,-9.538,-9.739,-9.722,-9.831
1958,9,-9.206,-9.862,-9.728,-9.726,-9.829
1958,10,-9.437,-9.925,-9.724,-9.718,-9.823
1958,11,-10.336,-10.079,-9.701,-9.735,-9.828
1958,12,-10.725,-10.078,-9.69,-9.737,-9.824
1959,1,-9.388,-10.077,-9.68,-9.692,-9.828
1959,2,-11.319,-10.156,-9.672,-9.696,-9.798
1959,3,-9.783,-10.173,-9.667,-9.742,-9.803
1959,4,-10.38,-10.361,-9.667,-9.723,-9.805
1959,5,-10.987,-10.449,-9.669,-9.721,-9.805
1959,6,-10.43,-10.044,-9.642,-9.729,-9.809
1959,7,-9.604,-9.958,-9.609,-9.731,-9.809
1959,8,-10.279,-9.57,-9.659,-9.741,-9.809
1959,9,-9.402,-9.762,-9.676,-9.751,-9.811
1959,10,-11.695,-9.739,-9.687,-9.757,-9.81
1959,11,-11.393,-9.52,-9.694,-9.779,-9.816
1959,12,-5.866,-9.404,-9.68,-9.817,-9.794
1960,1,-8.355,-9.408,-9.681,-9.845,-9.771
1960,2,-6.666,-9.321,-9.671,-9.861,-9.762
1960,3,-12.086,-9.323,-9.688,-9.843,-9.756
1960,4,-10.105,-9.112,-9.66,-9.857,-9.75
1960,5,-8.357,-9.025,-9.648,-9.859,-9.755
1960,6,-9.038,-9.218,-9.627,-9.874,-9.751
1960,7,-9.655,-9.284,-9.721,-9.884,-9.747
1960,8,-9.237,-9.486,-9.702,-9.891,-9.74
1960,9,-9.421,-9.359,-9.797,-9.903,-9.74
1960,10,-9.164,-9.342,-9.776,-9.922,-9.734
1960,11,-10.356,-9.543,-9.805,-9.911,-9.726
1960,12,-8.175,-9.562,-9.796,-9.885,-9.745
1961,1,-9.149,-9.539,-9.789,-9.924,-9.747
1961,2,-9.086,-9.573,-9.794,-9.913,-9.739
1961,3,-10.562,-9.68,-9.804,-9.886,-9.734
1961,4,-9.911,-9.845,-9.784,-9.892,-9.735
1961,5,-10.758,-9.801,-9.759,-9.874,-9.738
1961,6,-9.274,-10.001,-9.735,-9.872,-9.733
1961,7,-9.373,-10.116,-9.716,-9.868,-9.732
1961,8,-9.647,-10.458,-9.649,-9.863,-9.732
1961,9,-10.71,-10.256,-9.729,-9.844,-9.73
1961,10,-11.143,-10.318,-9.746,-9.836,-9.719
1961,11,-9.824,-10.343,-9.723,-9.864,-9.715
1961,12,-10.577,-10.362,-9.724,-9.836,-9.717
1962,1,-10.528,-10.409,-9.727,-9.808,-9.723
1962,2,-13.19,-10.393,-9.725,-9.831,-9.743
1962,3,-8.141,-10.314,-9.738,-9.877,-9.751
1962,4,-10.651,-10.083,-9.708,-9.898,-9.77
1962,5,-11.052,-10.014,-9.683,-9.897,-9.781
1962,6,-9.504,-9.835,-9.792,-9.897,-9.785
1962,7,-9.942,-9.808,-9.826,-9.898,-9.79
1962,8,-9.454,-9.456,-9.931,-9.897,-9.79
1962,9,-9.759,-9.747,-9.9,-9.9,-9.799
1962,10,-8.37,-9.557,-9.893,-9.891,-9.808
1962,11,-8.997,-9.542,-9.911,-9.892,-9.822
1962,12,-8.431,-9.573,-9.933,-9.872,-9.858
1963,1,-10.209,-9.513,-9.945,-9.922,-9.849
1963,2,-8.96,-9.524,-9.963,-9.916,-9.867
1963,3,-11.64,-9.531,-10,-9.924,-9.864
1963,4,-8.362,-9.517,-10.021,-9.923,-9.875
1963,5,-10.873,-9.507,-10.028,-9.933,-9.87
1963,6,-9.88,-9.579,-10.032,-9.93,-9.865
1963,7,-9.215,-9.414,-10.087,-9.938,-9.862
1963,8,-9.595,-9.277,-10.087,-9.951,-9.86
1963,9,-9.833,-9.521,-10.044,-9.943,-9.86
1963,10,-8.211,-9.773,-10.059,-9.927,-9.854
1963,11,-8.88,-9.669,-10.047,-9.914,-9.87
1963,12,-9.29,-9.718,-10.054,-9.909,-9.869
1964,1,-8.228,-9.768,-10.056,-9.918,-9.863
1964,2,-7.313,-9.811,-10.053,-9.885,-9.88
1964,3,-14.575,-9.843,-10.021,-9.885,-9.895
1964,4,-11.388,-9.985,-10.005,-9.876,-9.887
1964,5,-9.62,-10.069,-10.06,-9.873,-9.89
1964,6,-10.474,-10.329,-10.03,-9.877,-9.891
1964,7,-9.806,-10.508,-10.007,-9.882,-9.891
1964,8,-10.116,-10.98,-10.003,-9.875,-9.897
1964,9,-10.221,-10.618,-10.079,-9.879,-9.905
1964,10,-9.904,-10.474,-10.109,-9.863,-9.917
1964,11,-9.897,-10.46,-10.101,-9.843,-9.922
1964,12,-12.41,-10.45,-10.114,-9.836,-9.92
1965,1,-10.366,-10.496,-10.115,-9.845,-9.937
1965,2,-12.988,-10.513,-10.122,-9.871,-9.933
1965,3,-10.22,-10.632,-10.112,-9.844,-9.926
1965,4,-9.663,-10.674,-10.122,-9.843,-9.934
1965,5,-9.45,-10.746,-10.135,-9.866,-9.93
1965,6,-10.353,-10.418,-10.117,-9.869,-9.93
1965,7,-10.362,-10.59,-10.122,-9.867,-9.927
1965,8,-10.328,-10.262,-10.131,-9.868,-9.928
1965,9,-11.648,-10.076,-10.052,-9.872,-9.927
1965,10,-10.399,-10.173,-10.071,-9.874,-9.932
1965,11,-10.768,-10.222,-10.061,-9.869,-9.926
1965,12,-8.469,-10.166,-10.064,-9.908,-9.926
1966,1,-12.428,-10.096,-10.087,-9.922,-9.932
1966,2,-9.06,-10.024,-10.109,-9.918,-9.931
1966,3,-7.987,-9.785,-10.083,-9.906,-9.932
1966,4,-10.827,-9.768,-10.071,-9.899,-9.921
1966,5,-10.039,-9.963,-10.07,-9.888,-9.909
1966,6,-9.674,-9.987,-10.082,-9.887,-9.908
1966,7,-9.522,-9.714,-10.12,-9.892,-9.907
1966,8,-9.467,-10.038,-10.12,-9.892,-9.906
1966,9,-8.782,-10.434,-10.041,-9.879,-9.898
1966,10,-10.195,-10.569,-10.005,-9.857,-9.896
1966,11,-13.108,-10.61,-10.022,-9.861,-9.895
1966,12,-8.751,-10.662,-10.03,-9.879,-9.893
1967,1,-9.159,-10.705,-10.037,-9.901,-9.869
1967,2,-12.939,-10.738,-10.025,-9.907,-9.85
1967,3,-12.745,-10.768,-10.019,-9.928,-9.847
1967,4,-12.444,-10.668,-10.017,-9.939,-9.842
1967,5,-10.532,-10.388,-10.002,-9.936,-9.831
1967,6,-10.301,-10.272,-9.879,-9.943,-9.826
1967,7,-10.039,-10.385,-9.865,-9.952,-9.827
1967,8,-9.855,-10.098,-9.811,-9.957,-9.828
1967,9,-9.149,-9.609,-9.787,-9.974,-9.83
1967,10,-8.991,-9.364,-9.793,-10.009,-9.825
1967,11,-9.752,-9.345,-9.821,-10.023,-9.824
1967,12,-7.363,-9.324,-9.805,-10.067,-9.833
1968,1,-10.51,-9.371,-9.789,-10.049,-9.852
1968,2,-9.501,-9.459,-9.774,-10.064,-9.839
1968,3,-6.866,-9.384,-9.744,-10.027,-9.859
1968,4,-9.51,-9.262,-9.726,-10.035,-9.862
1968,5,-10.305,-9.181,-9.71,-10.014,-9.865
1968,6,-10.044,-9.405,-9.783,-10.006,-9.866
1968,7,-10.603,-9.403,-9.757,-10.005,-9.869
1968,8,-10.911,-9.222,-9.75,-9.998,-9.874
1968,9,-8.252,-9.469,-9.768,-9.993,-9.877
1968,10,-7.531,-9.447,-9.739,-9.991,-9.886
1968,11,-8.772,-9.473,-9.729,-10.005,-9.895
1968,12,-10.049,-9.549,-9.72,-10,-9.889
1969,1,-10.495,-9.515,-9.727,-10.034,-9.885
1969,2,-7.323,-9.389,-9.732,-10.063,-9.904
1969,3,-9.831,-9.528,-9.736,-10.049,-9.903
1969,4,-9.25,-9.714,-9.709,-10.051,-9.901
1969,5,-10.61,-9.732,-9.662,-10.059,-9.896
1969,6,-10.965,-9.312,-9.729,-10.054,-9.894
1969,7,-10.192,-9.233,-9.796,-10.052,-9.893
1969,8,-9.403,-9.434,-9.812,-10.052,-9.893
1969,9,-9.912,-9.347,-9.777,-10.06,-9.894
1969,10,-9.762,-9.414,-9.77,-10.077,-9.884
1969,11,-8.991,-9.455,-9.772,-10.066,-9.87
1969,12,-5.014,-9.325,-9.773,-10.024,-9.877
1970,1,-9.54,-9.257,-9.788,-10.029,-9.879
1970,2,-9.743,-9.258,-9.792,-10.004,-9.882
1970,3,-8.782,-9.253,-9.836,-10.01,-9.868
1970,4,-10.053,-9.22,-9.896,-10.01,-9.86
1970,5,-11.105,-9.286,-9.912,-10.002,-9.859
1970,6,-9.408,-9.939,-10.018,-9.985,-9.862
1970,7,-9.371,-10.047,-9.975,-9.971,-9.862
1970,8,-9.417,-9.958,-9.997,-9.966,-9.862
1970,9,-9.853,-9.979,-10.002,-9.95,-9.867
1970,10,-9.366,-9.899,-10,-9.943,-9.866
1970,11,-9.778,-9.762,-9.968,-9.94,-9.858
1970,12,-12.851,-9.739,-9.947,-9.967,-9.879
1971,1,-10.838,-9.787,-9.924,-9.94,-9.854
1971,2,-8.676,-9.814,-9.888,-9.95,-9.838
1971,3,-9.034,-9.747,-9.904,-9.979,-9.813
1971,4,-9.09,-9.681,-9.911,-9.95,-9.815
1971,5,-9.463,-9.725,-9.941,-9.944,-9.808
1971,6,-9.124,-9.715,-9.919,-9.944,-9.81
1971,7,-9.949,-9.91,-9.949,-9.946,-9.81
1971,8,-9.739,-10.349,-10.007,-9.949,-9.807
1971,9,-9.057,-10.482,-10.057,-9.953,-9.8
1971,10,-8.571,-10.724,-10.096,-9.957,-9.792
1971,11,-10.304,-10.824,-10.097,-9.925,-9.777
1971,12,-12.729,-10.928,-10.078,-9.951,-9.762
1972,1,-13.186,-11.01,-10.067,-9.93,-9.776
1972,2,-13.942,-11.04,-10.08,-9.869,-9.767
1972,3,-10.626,-11.266,-10.101,-9.817,-9.779
1972,4,-11.999,-11.602,-10.136,-9.786,-9.784
1972,5,-10.659,-11.636,-10.129,-9.766,-9.779
1972,6,-10.38,-11.719,-10.169,-9.755,-9.781
1972,7,-10.933,-11.283,-10.193,-9.755,-9.779
1972,8,-10.096,-11.023,-10.197,-9.759,-9.785
1972,9,-11.772,-10.733,-10.233,-9.76,-9.784
1972,10,-12.597,-10.517,-10.227,-9.76,-9.789
1972,11,-10.714,-10.324,-10.182,-9.757,-9.802
1972,12,-13.723,-10.195,-10.164,-9.794,-9.808
1973,1,-7.949,-10.05,-10.153,-9.783,-9.8
1973,2,-10.824,-9.937,-10.159,-9.761,-9.8
1973,3,-7.148,-9.723,-10.157,-9.793,-9.791
1973,4,-9.412,-9.337,-10.16,-9.8,-9.794
1973,5,-8.342,-9.324,-10.171,-9.798,-9.799
1973,6,-8.834,-8.909,-10.151,-9.802,-9.796
1973,7,-9.192,-9.271,-10.124,-9.8,-9.796
1973,8,-8.733,-9.269,-10.15,-9.797,-9.794
1973,9,-9.212,-9.743,-10.19,-9.81,-9.792
1973,10,-7.955,-9.925,-10.162,-9.844,-9.797
1973,11,-10.561,-10.119,-10.16,-9.875,-9.789
1973,12,-8.745,-10.202,-10.168,-9.87,-9.804
1974,1,-12.294,-10.232,-10.165,-9.853,-9.811
1974,2,-10.805,-10.351,-10.166,-9.924,-9.805
1974,3,-12.83,-10.513,-10.169,-9.921,-9.781
1974,4,-11.597,-10.842,-10.204,-9.927,-9.765
1974,5,-10.665,-10.674,-10.188,-9.919,-9.764
1974,6,-9.836,-10.563,-10.173,-9.911,-9.758
1974,7,-9.545,-10.453,-10.064,-9.904,-9.755
1974,8,-10.172,-10.388,-9.925,-9.911,-9.751
1974,9,-11.155,-10.227,-9.857,-9.909,-9.753
1974,10,-11.898,-10.069,-9.803,-9.906,-9.754
1974,11,-8.55,-9.884,-9.759,-9.897,-9.758
1974,12,-7.414,-9.755,-9.737,-9.919,-9.76
1975,1,-10.967,-9.684,-9.722,-9.913,-9.742
1975,2,-10.024,-9.651,-9.727,-9.892,-9.735
1975,3,-10.906,-9.533,-9.685,-9.893,-9.728
1975,4,-9.693,-9.337,-9.624,-9.878,-9.733
1975,5,-8.444,-9.496,-9.602,-9.852,-9.73
1975,6,-8.29,-9.847,-9.57,-9.855,-9.728
1975,7,-8.696,-9.702,-9.59,-9.858,-9.727
1975,8,-9.776,-9.719,-9.526,-9.856,-9.727
1975,9,-9.743,-9.766,-9.584,-9.863,-9.718
1975,10,-9.538,-9.576,-9.6,-9.859,-9.716
1975,11,-10.46,-9.648,-9.627,-9.848,-9.728
1975,12,-11.63,-9.76,-9.656,-9.849,-9.727
1976,1,-9.219,-9.85,-9.676,-9.786,-9.704
1976,2,-10.23,-9.85,-9.706,-9.758,-9.702
1976,3,-11.474,-9.81,-9.717,-9.72,-9.706
1976,4,-7.409,-9.903,-9.777,-9.732,-9.7
1976,5,-9.316,-9.809,-9.81,-9.728,-9.696
1976,6,-9.632,-9.829,-9.821,-9.734,-9.701
1976,7,-9.775,-9.61,-9.757,-9.729,-9.703
1976,8,-9.771,-9.227,-9.842,-9.722,-9.707
1976,9,-9.271,-8.817,-9.785,-9.721,-9.713
1976,10,-10.655,-8.927,-9.758,-9.727,-9.717
1976,11,-9.332,-8.822,-9.74,-9.694,-9.721
1976,12,-11.86,-8.773,-9.745,-9.646,-9.715
1977,1,-6.593,-8.794,-9.74,-9.65,-9.699
1977,2,-5.642,-8.844,-9.743,-9.627,-9.672
1977,3,-6.546,-8.845,-9.718,-9.63,-9.653
1977,4,-8.726,-8.699,-9.676,-9.629,-9.636
1977,5,-8.059,-8.707,-9.666,-9.622,-9.634
1977,6,-9.05,-8.704,-9.669,-9.618,-9.629
1977,7,-10.021,-8.915,-9.633,-9.607,-9.627
1977,8,-10.372,-9.024,-9.586,-9.613,-9.63
1977,9,-9.289,-9.369,-9.553,-9.595,-9.627
1977,10,-8.899,-9.502,-9.529,-9.569,-9.628
1977,11,-9.425,-9.665,-9.521,-9.581,-9.623
1977,12,-11.829,-9.79,-9.546,-9.549,-9.611
1978,1,-9.127,-9.822,-9.563,-9.551,-9.606
1978,2,-6.948,-9.834,-9.554,-9.537,-9.609
1978,3,-10.683,-9.883,-9.569,-9.554,-9.608
1978,4,-10.327,-10.102,-9.559,-9.553,-9.6
1978,5,-10.009,-10.362,-9.525,-9.584,-9.596
1978,6,-10.548,-10.16,-9.548,-9.586,-9.591
1978,7,-10.408,-10.103,-9.447,-9.587,-9.585
1978,8,-10.512,-10.85,-9.365,-9.59,-9.577
1978,9,-9.879,-10.748,-9.249,-9.59,-9.58
1978,10,-11.526,-10.716,-9.301,-9.604,-9.588
1978,11,-12.549,-10.682,-9.296,-9.573,-9.593
1978,12,-9.407,-10.646,-9.3,-9.608,-9.591
1979,1,-8.441,-10.549,-9.292,-9.588,-9.588
1979,2,-15.914,-10.536,-9.278,-9.546,-9.6
1979,3,-9.451,-10.517,-9.273,-9.513,-9.612
1979,4,-9.947,-10.339,-9.249,-9.479,-9.612
1979,5,-9.605,-9.955,-9.2,-9.469,-9.609
1979,6,-10.114,-9.804,-9.118,-9.462,-9.601
1979,7,-9.244,-9.834,-9.237,-9.459,-9.596
1979,8,-10.357,-9.111,-9.328,-9.449,-9.594
1979,9,-9.653,-9.066,-9.402,-9.446,-9.592
1979,10,-9.381,-8.923,-9.456,-9.431,-9.593
1979,11,-7.948,-8.786,-9.484,-9.451,-9.608
1979,12,-7.598,-8.76,-9.5,-9.497,-9.634
1980,1,-8.794,-8.802,-9.491,-9.455,-9.628
1980,2,-7.239,-8.705,-9.499,-9.467,-9.642
1980,3,-8.91,-8.788,-9.505,-9.447,-9.633
1980,4,-8.23,-8.752,-9.514,-9.456,-9.629
1980,5,-7.965,-8.793,-9.561,-9.458,-9.624
1980,6,-9.808,-9.244,-9.527,-9.47,-9.624
1980,7,-9.744,-8.775,-9.512,-9.483,-9.624
1980,8,-9.196,-8.615,-9.548,-9.489,-9.624
1980,9,-10.642,-8.248,-9.524,-9.486,-9.623
1980,10,-8.956,-8.439,-9.506,-9.49,-9.628
1980,11,-8.441,-8.526,-9.54,-9.516,-9.637
1980,12,-13.004,-8.529,-9.515,-9.487,-9.636
1981,1,-3.166,-8.495,-9.497,-9.468,-9.638
1981,2,-5.313,-8.47,-9.474,-9.454,-9.631
1981,3,-4.507,-8.332,-9.464,-9.433,-9.631
1981,4,-10.522,-8.355,-9.431,-9.451,-9.628
1981,5,-9.009,-8.181,-9.337,-9.447,-9.625
1981,6,-9.851,-7.677,-9.394,-9.457,-9.623
1981,7,-9.332,-8.559,-9.42,-9.46,-9.62
1981,8,-8.894,-9.04,-9.251,-9.465,-9.617
1981,9,-8.994,-9.58,-9.241,-9.474,-9.619
1981,10,-9.227,-9.701,-9.2,-9.477,-9.629
1981,11,-6.356,-9.762,-9.198,-9.517,-9.631
1981,12,-6.952,-9.773,-9.178,-9.479,-9.619
1982,1,-13.75,-9.788,-9.178,-9.468,-9.592
1982,2,-11.09,-9.95,-9.155,-9.475,-9.572
1982,3,-10.982,-10.003,-9.174,-9.49,-9.559
1982,4,-11.98,-10.02,-9.185,-9.485,-9.554
1982,5,-9.733,-10.511,-9.235,-9.503,-9.553
1982,6,-9.984,-10.751,-9.324,-9.504,-9.554
1982,7,-9.515,-10.289,-9.278,-9.499,-9.554
1982,8,-10.834,-10.124,-9.347,-9.501,-9.555
1982,9,-9.638,-9.98,-9.341,-9.493,-9.551
1982,10,-9.43,-9.751,-9.383,-9.496,-9.541
1982,11,-12.241,-9.945,-9.395,-9.488,-9.533
1982,12,-9.83,-9.866,-9.395,-9.428,-9.52
1983,1,-8.207,-9.853,-9.403,-9.429,-9.523
1983,2,-9.113,-9.71,-9.423,-9.457,-9.522
1983,3,-9.26,-9.677,-9.404,-9.424,-9.524
1983,4,-9.22,-9.69,-9.421,-9.4,-9.523
1983,5,-12.063,-9.242,-9.507,-9.394,-9.523
1983,6,-9.045,-9.496,-9.426,-9.38,-9.526
1983,7,-9.355,-9.646,-9.488,-9.37,-9.526
1983,8,-9.121,-9.366,-9.542,-9.357,-9.529
1983,9,-9.235,-9.331,-9.617,-9.35,-9.534
1983,10,-9.592,-9.187,-9.6,-9.333,-9.543
1983,11,-6.867,-8.974,-9.598,-9.31,-9.546
1983,12,-12.872,-8.963,-9.615,-9.312,-9.542
1984,1,-10.002,-8.952,-9.628,-9.322,-9.542
1984,2,-5.765,-8.94,-9.652,-9.275,-9.552
1984,3,-8.829,-9.069,-9.674,-9.303,-9.528
1984,4,-7.498,-9.109,-9.704,-9.296,-9.521
1984,5,-9.505,-9.449,-9.834,-9.3,-9.513
1984,6,-8.91,-9.454,-9.84,-9.29,-9.509
1984,7,-9.229,-9.122,-9.7,-9.289,-9.507
1984,8,-8.972,-9.589,-9.622,-9.277,-9.505
1984,9,-10.791,-9.564,-9.577,-9.275,-9.495
1984,10,-10.066,-9.836,-9.515,-9.28,-9.478
1984,11,-10.947,-9.771,-9.521,-9.319,-9.479
1984,12,-12.941,-9.844,-9.508,-9.348,-9.48
1985,1,-6.016,-9.925,-9.507,-9.342,-9.458
1985,2,-11.369,-10.048,-9.503,-9.391,-9.458
1985,3,-8.526,-9.937,-9.481,-9.373,-9.45
1985,4,-10.764,-9.929,-9.478,-9.381,-9.445
1985,5,-8.725,-10.151,-9.416,-9.397,-9.448
1985,6,-9.782,-9.752,-9.329,-9.392,-9.448
1985,7,-10.202,-9.823,-9.347,-9.389,-9.452
1985,8,-10.447,-9.591,-9.366,-9.392,-9.452
1985,9,-9.464,-9.629,-9.323,-9.382,-9.451
1985,10,-9.97,-9.524,-9.295,-9.397,-9.449
1985,11,-13.602,-9.536,-9.247,-9.425,-9.453
1985,12,-8.152,-9.629,-9.245,-9.423,-9.448
1986,1,-6.87,-9.622,-9.242,-9.49,-9.461
1986,2,-8.583,-9.614,-9.24,-9.505,-9.452
1986,3,-8.987,-9.683,-9.237,-9.543,-9.447
1986,4,-9.505,-9.773,-9.235,-9.525,-9.456
1986,5,-8.871,-9.818,-9.284,-9.521,-9.462
1986,6,-10.896,-9.746,-9.229,-9.511,-9.459
1986,7,-10.113,-9.618,-9.224,-9.512,-9.456
1986,8,-10.351,-9.441,-9.298,-9.512,-9.456
1986,9,-10.295,-9.382,-9.365,-9.516,-9.454
1986,10,-11.056,-9.276,-9.392,-9.532,-9.455
1986,11,-14.137,-9.379,-9.401,-9.568,-9.461
1986,12,-7.285,-9.238,-9.402,-9.593,-9.448
1987,1,-5.341,-9.182,-9.4,-9.533,-9.459
1987,2,-6.453,-9.201,-9.4,-9.518,-9.472
1987,3,-8.28,-9.037,-9.377,-9.489,-9.49
1987,4,-8.229,-8.889,-9.375,-9.478,-9.496
1987,5,-10.116,-8.419,-9.403,-9.485,-9.505
1987,6,-9.202,-8.195,-9.372,-9.49,-9.504
1987,7,-9.437,-8.525,-9.407,-9.501,-9.499
1987,8,-10.585,-8.842,-9.436,-9.498,-9.496
1987,9,-8.328,-8.711,-9.406,-9.507,-9.494
1987,10,-9.28,-8.652,-9.38,-9.513,-9.499
1987,11,-8.487,-8.576,-9.398,-9.486,-9.493
1987,12,-4.607,-8.553,-9.39,-9.491,-9.466
1988,1,-9.296,-8.527,-9.375,-9.495,-9.466
1988,2,-10.261,-8.398,-9.36,-9.507,-9.456
1988,3,-6.702,-8.459,-9.361,-9.494,-9.443
1988,4,-7.527,-8.475,-9.373,-9.493,-9.427
1988,5,-9.202,-8.582,-9.343,-9.462,-9.415
1988,6,-8.919,-8.996,-9.42,-9.466,-9.404
1988,7,-9.131,-9.034,-9.492,-9.466,-9.395
1988,8,-9.039,-9.029,-9.469,-9.468,-9.386
1988,9,-9.061,-9.539,-9.469,-9.479,-9.377
1988,10,-9.468,-9.674,-9.45,-9.481,-9.361
1988,11,-9.771,-9.744,-9.445,-9.518,-9.334
1988,12,-9.578,-9.748,-9.408,-9.477,-9.323
1989,1,-9.744,-9.746,-9.396,-9.495,-9.323
1989,2,-10.205,-9.738,-9.372,-9.558,-9.282
1989,3,-12.825,-9.766,-9.358,-9.543,-9.265
1989,4,-9.147,-9.81,-9.359,-9.563,-9.254
1989,5,-10.039,-10.045,-9.303,-9.557,-9.251
1989,6,-8.964,-10.173,-9.346,-9.556,-9.246
1989,7,-9.11,-10.035,-9.366,-9.555,-9.247
1989,8,-8.949,-10.276,-9.414,-9.561,-9.242
1989,9,-9.393,-9.769,-9.4,-9.545,-9.237
1989,10,-9.992,-9.772,-9.441,-9.526,-9.24
1989,11,-12.589,-9.755,-9.449,-9.508,-9.238
1989,12,-11.119,-9.781,-9.471,-9.463,-9.233
1990,1,-8.087,-9.801,-9.496,-9.461,-9.231
1990,2,-13.095,-9.847,-9.494,-9.449,-9.23
1990,3,-6.748,-9.858,-9.534,-9.454,-9.215
1990,4,-9.178,-9.919,-9.548,-9.435,-9.22
1990,5,-9.833,-9.851,-9.556,-9.439,-9.228
1990,6,-9.278,-9.989,-9.653,-9.426,-9.229
1990,7,-9.351,-10.247,-9.643,-9.422,-9.225
1990,8,-9.506,-9.755,-9.648,-9.415,-9.226
1990,9,-9.525,-9.943,-9.665,-9.416,-9.222
1990,10,-10.722,-9.878,-9.691,-9.408,-9.225
1990,11,-11.773,-9.769,-9.677,-9.389,-9.223
1990,12,-12.777,-9.721,-9.687,-9.409,-9.213
1991,1,-11.18,-9.725,-9.69,-9.454,-9.22
1991,2,-7.19,-9.674,-9.696,-9.449,-9.238
1991,3,-9.004,-9.671,-9.72,-9.462,-9.247
1991,4,-8.39,-9.702,-9.727,-9.461,-9.241
1991,5,-8.535,-9.618,-9.753,-9.477,-9.238
1991,6,-8.694,-9.374,-9.726,-9.46,-9.236
1991,7,-9.399,-8.988,-9.765,-9.453,-9.233
1991,8,-8.901,-9.168,-9.817,-9.446,-9.233
1991,9,-9.481,-9.039,-9.721,-9.435,-9.229
1991,10,-11.101,-9.228,-9.733,-9.433,-9.23
1991,11,-10.761,-9.402,-9.713,-9.404,-9.234
1991,12,-9.85,-9.553,-9.71,-9.416,-9.228
1992,1,-6.551,-9.68,-9.709,-9.45,-9.2
1992,2,-9.351,-9.809,-9.721,-9.468,-9.191
1992,3,-7.452,-9.915,-9.713,-9.49,-9.195
1992,4,-10.661,-9.835,-9.676,-9.507,-9.194
1992,5,-10.623,-9.682,-9.613,-9.507,-9.201
1992,6,-10.509,-9.735,-9.555,-9.504,-9.198
1992,7,-10.915,-9.909,-9.514,-9.5,-9.197
1992,8,-10.455,-10.014,-9.463,-9.492,-9.191
1992,9,-10.75,-10.033,-9.501,-9.494,-9.186
1992,10,-10.137,-9.901,-9.49,-9.503,-9.189
1992,11,-8.933,-9.714,-9.479,-9.499,-9.173
1992,12,-10.479,-9.63,-9.462,-9.504,-9.151
1993,1,-8.644,-9.497,-9.468,-9.504,-9.143
1993,2,-10.609,-9.412,-9.469,-9.456,-9.151
1993,3,-7.676,-9.389,-9.472,-9.463,-9.156
1993,4,-9.081,-9.371,-9.442,-9.453,-9.158
1993,5,-8.383,-9.567,-9.436,-9.437,-9.144
1993,6,-9.505,-9.358,-9.398,-9.427,-9.146
1993,7,-9.317,-9.645,-9.416,-9.42,-9.145
1993,8,-9.425,-9.872,-9.43,-9.414,-9.144
1993,9,-10.478,-9.819,-9.455,-9.403,-9.14
1993,10,-9.921,-9.885,-9.472,-9.389,-9.132
1993,11,-11.286,-9.927,-9.508,-9.358,-9.141
1993,12,-7.972,-9.866,-9.512,-9.335,-9.113
1994,1,-12.085,-9.844,-9.509,-9.324,-9.115
1994,2,-13.331,-9.863,-9.52,-9.289,-9.121
1994,3,-7.04,-9.733,-9.511,-9.226,-9.125
1994,4,-9.877,-9.555,-9.507,-9.211,-9.135
1994,5,-8.887,-9.347,-9.505,-9.201,-9.143
1994,6,-8.779,-9.317,-9.487,-9.201,-9.147
1994,7,-9.049,-8.782,-9.533,-9.205,-9.149
1994,8,-9.653,-8.506,-9.522,-9.206,-9.154
1994,9,-8.914,-8.673,-9.579,-9.199,-9.148
1994,10,-7.785,-8.557,-9.572,-9.2,-9.147
1994,11,-8.792,-8.583,-9.564,-9.158,-9.138
1994,12,-7.608,-8.539,-9.536,-9.117,-9.13
1995,1,-5.67,-8.596,-9.504,-9.12,-9.145
1995,2,-10.02,-8.588,-9.49,-9.069,-9.13
1995,3,-9.048,-8.652,-9.455,-9.056,-9.125
1995,4,-8.483,-8.747,-9.458,-9.06,-9.108
1995,5,-9.195,-8.965,-9.442,-9.058,-9.108
1995,6,-8.255,-9.205,-9.355,-9.065,-9.103
1995,7,-9.732,-9.757,-9.365,-9.062,-9.1
1995,8,-9.559,-9.59,-9.263,-9.061,-9.096
1995,9,-9.673,-9.71,-9.261,-9.062,-9.093
1995,10,-8.932,-9.788,-9.216,-9.053,-9.084
1995,11,-11.403,-9.915,-9.198,-9.022,-9.059
1995,12,-10.485,-9.973,-9.167,-9.003,-9.048
1996,1,-12.296,-9.93,-9.15,-8.95,-9.036
1996,2,-8.016,-9.929,-9.132,-8.971,-9.028
1996,3,-10.49,-9.867,-9.086,-8.952,-9.015
1996,4,-9.42,-10.027,-9.051,-8.957,-9.004
1996,5,-10.724,-9.965,-8.964,-8.955,-8.997
1996,6,-8.944,-9.82,-8.945,-8.96,-8.985
1996,7,-9.218,-9.574,-8.884,-8.955,-8.979
1996,8,-9.55,-9.631,-8.762,-8.953,-8.974
1996,9,-8.93,-9.661,-8.732,-8.943,-8.966
1996,10,-10.842,-9.73,-8.69,-8.928,-8.953
1996,11,-10.67,-9.68,-8.689,-8.9,-8.937
1996,12,-8.738,-9.673,-8.691,-8.864,-8.925
1997,1,-9.351,-9.652,-8.701,-8.867,-8.925
1997,2,-8.695,-9.657,-8.691,-8.864,-8.936
1997,3,-10.856,-9.634,-8.685,-8.901,-8.943
1997,4,-10.244,-9.589,-8.723,-8.91,-8.943
1997,5,-10.125,-9.363,-8.702,-8.916,-8.942
1997,6,-8.854,-9.075,-8.679,-8.906,-8.942
1997,7,-8.964,-9.065,-8.726,-8.892,-8.936
1997,8,-9.611,-8.716,-8.675,-8.884,-8.932
1997,9,-8.655,-8.44,-8.61,-8.865,-8.937
1997,10,-10.304,-8.119,-8.629,-8.864,-8.933
1997,11,-7.964,-7.882,-8.637,-8.861,-8.938
1997,12,-5.28,-7.786,-8.667,-8.81,-8.958
1998,1,-9.232,-7.727,-8.655,-8.791,-8.949
1998,2,-4.501,-7.622,-8.652,-8.796,-8.951
1998,3,-7.544,-7.544,-8.652,-8.818,-8.968
1998,4,-6.391,-7.339,-8.665,-8.822,-8.975
1998,5,-7.286,-7.179,-8.607,-8.827,-8.972
1998,6,-7.7,-7.309,-8.609,-8.827,-8.971
1998,7,-8.251,-7.24,-8.485,-8.824,-8.97
1998,8,-8.361,-7.367,-8.512,-8.819,-8.969
1998,9,-7.721,-7.177,-8.449,-8.801,-8.971
1998,10,-7.843,-7.255,-8.442,-8.783,-8.967
1998,11,-6.043,-7.386,-8.403,-8.765,-8.956
1998,12,-6.835,-7.484,-8.408,-8.749,-8.965
1999,1,-8.408,-7.601,-8.4,-8.735,-8.958
1999,2,-6.022,-7.658,-8.387,-8.685,-8.951
1999,3,-5.267,-7.728,-8.374,-8.707,-8.943
1999,4,-7.318,-7.912,-8.348,-8.707,-8.942
1999,5,-8.858,-8.038,-8.295,-8.728,-8.947
1999,6,-8.884,-7.985,-8.241,-8.738,-8.949
1999,7,-9.646,-7.995,-8.2,-8.743,-8.951
1999,8,-9.049,-8.073,-8.205,-8.747,-8.952
1999,9,-8.561,-8.063,-8.223,-8.752,-8.945
1999,10,-10.047,-8.255,-8.248,-8.767,-8.944
1999,11,-7.558,-8.324,-8.268,-8.768,-8.919
1999,12,-6.202,-8.421,-8.276,-8.797,-8.904
2000,1,-8.53,-8.365,-8.28,-8.83,-8.89
2000,2,-6.953,-8.396,-8.277,-8.811,-8.85
2000,3,-5.155,-8.487,-8.274,-8.795,-8.837
2000,4,-9.619,-8.456,-8.271,-8.78,-8.817
2000,5,-9.679,-8.49,-8.281,-8.778,-8.812
2000,6,-10.058,-8.856,-8.265,-8.781,-8.811
2000,7,-8.971,-8.548,-8.218,-8.779,-8.807
2000,8,-9.413,-8.775,-8.328,-8.777,-8.802
2000,9,-9.653,-8.902,-8.375,-8.77,-8.799
2000,10,-9.685,-8.851,-8.429,-8.761,-8.784
2000,11,-7.964,-8.741,-8.456,-8.728,-8.763
2000,12,-10.591,-8.673,-8.486,-8.687,-8.732
2001,1,-4.836,-8.656,-8.498,-8.618,-8.712
2001,2,-9.675,-8.6,-8.506,-8.607,-8.72
2001,3,-6.684,-8.478,-8.515,-8.568,-8.723
2001,4,-9.004,-8.446,-8.514,-8.548,-8.734
2001,5,-8.36,-8.403,-8.565,-8.518,-8.737
2001,6,-9.242,-7.981,-8.553,-8.51,-8.738
2001,7,-8.768,-8.151,-8.586,-8.506,-8.734
2001,8,-8.739,-8.093,-8.607,-8.502,-8.732
2001,9,-8.186,-8.531,-8.683,-8.497,-8.726
2001,10,-9.3,-8.759,-8.725,-8.473,-8.711
2001,11,-7.447,-9.008,-8.766,-8.469,-8.701
2001,12,-5.535,-9.013,-8.786,-8.434,-8.685
2002,1,-6.868,-9.051,-8.784,-8.4,-8.685
2002,2,-8.987,-9.111,-8.803,-8.404,-8.668
2002,3,-11.941,-9.135,-8.819,-8.395,-8.667
2002,4,-11.737,-9.2,-8.812,-8.379,-8.657
2002,5,-11.345,-9.294,-8.834,-8.378,-8.647
2002,6,-9.302,-9.195,-8.916,-8.379,-8.635
2002,7,-9.223,-9.155,-8.933,-8.373,-8.623
2002,8,-9.464,-9.334,-8.946,-8.373,-8.614
2002,9,-8.469,-9.202,-8.98,-8.381,-8.602
2002,10,-10.08,-9.023,-8.931,-8.363,-8.597
2002,11,-8.584,-8.822,-8.918,-8.377,-8.601
2002,12,-4.339,-8.84,-8.894,-8.412,-8.592
2003,1,-6.386,-8.819,-8.903,-8.395,-8.587
2003,2,-11.139,-8.766,-8.902,-8.446,-8.573
2003,3,-10.359,-8.75,-8.888,-8.474,-8.572
2003,4,-9.585,-8.558,-8.858,-8.497,-8.579
2003,5,-8.939,-8.601,-8.849,-8.507,-8.584
2003,6,-9.515,-8.75,-8.764,-8.516,-8.58
2003,7,-8.969,-9.083,-8.75,-8.521,-8.581
2003,8,-8.833,-8.761,-8.703,-8.524,-8.578
2003,9,-8.268,-8.713,-8.687,-8.538,-8.569
2003,10,-7.778,-8.737,-8.653,-8.544,-8.559
2003,11,-9.1,-8.935,-8.634,-8.554,-8.555
2003,12,-6.133,-8.982,-8.612,-8.595,-8.574
2004,1,-10.376,-9.031,-8.611,-8.592,-8.552
2004,2,-7.274,-9.141,-8.618,-8.612,-8.541
2004,3,-9.788,-9.244,-8.62,-8.66,-8.561
2004,4,-9.876,-9.401,-8.598,-8.672,-8.564
2004,5,-11.31,-9.381,-8.644,-8.692,-8.563
2004,6,-10.076,-9.795,-8.627,-8.698,-8.563
2004,7,-9.556,-9.728,-8.6,-8.697,-8.561
2004,8,-10.154,-9.768,-8.603,-8.699,-8.558
2004,9,-9.51,-9.553,-8.568,-8.692,-8.56
2004,10,-9.664,-9.286,-8.511,-8.689,-8.56
2004,11,-8.849,-9.085,-8.487,-8.68,-8.569
2004,12,-11.108,-8.962,-8.483,-8.692,-8.565
2005,1,-9.568,-8.958,-8.465,-8.659,-8.573
2005,2,-7.76,-8.891,-8.468,-8.631,-8.579
2005,3,-7.208,-8.832,-8.487,-8.618,-8.577
2005,4,-6.669,-8.683,-8.456,-8.575,-8.579
2005,5,-8.893,-8.567,-8.474,-8.566,-8.578
2005,6,-8.598,-8.099,-8.559,-8.558,-8.581
2005,7,-9.517,-7.636,-8.573,-8.553,-8.577
2005,8,-9.348,-7.556,-8.563,-8.543,-8.574
2005,9,-8.799,-7.437,-8.573,-8.536,-8.568
2005,10,-7.883,-7.461,-8.565,-8.516,-8.568
2005,11,-7.457,-7.318,-8.557,-8.505,-8.551
2005,12,-5.49,-7.265,-8.545,-8.462,-8.53
2006,1,-4.007,-7.198,-8.544,-8.474,-8.493
2006,2,-6.804,-7.179,-8.542,-8.468,-8.488
2006,3,-5.778,-7.138,-8.561,-8.495,-8.472
2006,4,-6.961,-7.148,-8.573,-8.511,-8.474
2006,5,-7.175,-7.376,-8.542,-8.519,-8.461
2006,6,-7.958,-7.296,-8.636,-8.516,-8.459
2006,7,-8.717,-7.399,-8.598,-8.514,-8.456
2006,8,-9.119,-7.595,-8.617,-8.511,-8.45
2006,9,-8.302,-7.933,-8.637,-8.509,-8.448
2006,10,-8.01,-8.048,-8.618,-8.494,-8.439
2006,11,-10.186,-8.275,-8.618,-8.502,-8.415
2006,12,-4.536,-8.367,-8.61,-8.505,-8.414
2007,1,-5.243,-8.321,-8.61,-8.503,-8.39
2007,2,-9.151,-8.364,-8.595,-8.472,-8.381
2007,3,-9.842,-8.471,-8.565,-8.432,-8.374
2007,4,-8.333,-8.488,-8.566,-8.405,-8.369
2007,5,-9.909,-8.445,-8.525,-8.378,-8.36
2007,6,-9.057,-8.852,-8.468,-8.364,-8.36
2007,7,-8.16,-9.019,-8.386,-8.355,-8.361
2007,8,-9.64,-9.135,-8.315,-8.345,-8.358
2007,9,-9.58,-9.227,-8.255,-8.34,-8.355
2007,10,-8.22,-9.293,-8.218,-8.33,-8.348
2007,11,-9.665,-9.172,-8.214,-8.34,-8.358
2007,12,-9.429,-9.15,-8.222,-8.374,-8.367
2008,1,-7.24,-9.21,-8.203,-8.384,-8.355
2008,2,-10.547,-9.137,-8.185,-8.35,-8.38
2008,3,-10.942,-9.122,-8.183,-8.326,-8.378
2008,4,-9.131,-9.145,-8.174,-8.336,-8.399
2008,5,-8.451,-8.941,-8.16,-8.341,-8.41
2008,6,-8.8,-9.138,-8.159,-8.333,-8.417
2008,7,-8.878,-9.208,-8.197,-8.338,-8.419
2008,8,-8.767,-9.031,-8.234,-8.337,-8.424
2008,9,-9.397,-9.034,-8.302,-8.337,-8.437
2008,10,-8.493,-9.004,-8.368,-8.336,-8.449
2008,11,-7.219,-9.239,-8.403,-8.346,-8.464
2008,12,-11.791,-9.304,-8.42,-8.398,-8.459
2009,1,-8.074,-9.364,-8.416,-8.369,NaN
2009,2,-8.428,-9.402,-8.403,-8.397,NaN
2009,3,-10.977,-9.26,-8.398,-8.414,NaN
2009,4,-8.77,-9.367,-8.391,-8.42,NaN
2009,5,-11.276,-9.298,-8.36,-8.398,NaN
2009,6,-9.573,-8.953,-8.383,-8.387,NaN
2009,7,-9.597,-8.669,-8.407,-8.38,NaN
2009,8,-9.232,-8.257,-8.341,-8.368,NaN
2009,9,-7.695,-7.643,-8.297,-8.368,NaN
2009,10,-9.774,-7.282,-8.298,-8.352,NaN
2009,11,-6.391,-7.066,-8.268,-8.37,NaN
2009,12,-7.651,-7.024,-8.245,-8.333,NaN
2010,1,-4.657,-6.922,-8.245,-8.315,NaN
2010,2,-3.487,-6.84,-8.222,-8.348,NaN
2010,3,-3.612,-6.926,-8.193,-8.358,NaN
2010,4,-4.442,-6.719,-8.204,-8.377,NaN
2010,5,-8.679,-6.742,-8.206,-8.379,NaN
2010,6,-9.066,-6.554,-8.189,-8.381,NaN
2010,7,-8.376,-6.69,-8.195,-8.376,NaN
2010,8,-8.25,-7.154,-8.136,-8.37,NaN
2010,9,-8.728,-7.672,-8.08,-8.366,NaN
2010,10,-7.291,-8.213,-8.107,-8.375,NaN
2010,11,-6.666,-8.265,-8.125,-8.375,NaN
2010,12,-5.398,-8.257,-8.122,-8.373,NaN
2011,1,-6.278,-8.265,-8.133,-8.368,NaN
2011,2,-9.065,-8.274,-8.132,-8.369,NaN
2011,3,-9.824,-8.212,-8.113,-8.375,NaN
2011,4,-10.929,-8.235,-8.098,-8.4,NaN
2011,5,-9.307,-8.374,-8.15,-8.404,NaN
2011,6,-8.977,-8.417,-8.16,-8.408,NaN
2011,7,-8.47,-8.449,-8.139,-8.406,NaN
2011,8,-8.348,-8.128,-8.176,-8.399,NaN
2011,9,-7.986,-7.908,-8.192,-8.398,NaN
2011,10,-7.567,-7.7,-8.222,-8.405,NaN
2011,11,-8.334,-7.6,-8.178,-8.36,NaN
2011,12,-5.914,-7.489,-8.165,-8.393,NaN
2012,1,-6.661,-7.462,-8.149,-8.381,NaN
2012,2,-5.223,-7.458,-8.142,-8.358,NaN
2012,3,-7.182,-7.446,-8.172,-8.353,NaN
2012,4,-8.436,-7.556,-8.137,-8.358,NaN
2012,5,-8.105,-7.675,-8.214,-8.342,NaN
2012,6,-7.64,-7.885,-8.197,-8.34,NaN
2012,7,-8.145,-7.959,-8.245,-8.35,NaN
2012,8,-8.3,-8.111,-8.381,-8.343,NaN
2012,9,-7.845,-8.143,-8.461,-8.33,NaN
2012,10,-8.892,-8.335,-8.537,-8.332,NaN
2012,11,-9.762,-8.457,-8.544,-8.338,NaN
2012,12,-8.423,-8.535,-8.541,-8.322,NaN
2013,1,-7.552,-8.651,-8.549,-8.315,NaN
2013,2,-7.046,-8.686,-8.556,-8.314,NaN
2013,3,-7.568,-8.719,-8.549,-8.282,NaN
2013,4,-10.741,-8.613,-8.576,-8.302,NaN
2013,5,-9.568,-8.658,-8.589,-8.313,NaN
2013,6,-8.576,-8.992,-8.586,-8.317,NaN
2013,7,-9.545,-8.932,-8.539,-8.318,NaN
2013,8,-8.712,-9.23,-8.504,-8.324,NaN
2013,9,-8.246,-9.592,-8.449,-8.336,NaN
2013,10,-7.613,-9.581,-8.432,-8.354,NaN
2013,11,-10.313,-9.501,-8.405,-8.374,NaN
2013,12,-12.425,-9.518,-8.395,-8.323,NaN
2014,1,-6.831,-9.447,-8.395,NaN,NaN
2014,2,-10.62,-9.453,-8.394,NaN,NaN
2014,3,-11.912,-9.555,-8.398,NaN,NaN
2014,4,-10.617,-9.561,-8.42,NaN,NaN
2014,5,-8.598,-9.619,-8.36,NaN,NaN
2014,6,-8.787,-9.139,-8.403,NaN,NaN
2014,7,-8.692,-9.196,-8.355,NaN,NaN
2014,8,-8.788,-9.28,-8.374,NaN,NaN
2014,9,-9.464,-8.99,-8.409,NaN,NaN
2014,10,-7.687,-8.857,-8.417,NaN,NaN
2014,11,-11.011,-8.897,-8.417,NaN,NaN
2014,12,-6.663,-8.904,-8.435,NaN,NaN
2015,1,-7.516,-8.921,-8.455,NaN,NaN
2015,2,-11.624,-8.908,-8.464,NaN,NaN
2015,3,-8.433,-8.813,-8.467,NaN,NaN
2015,4,-9.018,-8.917,-8.46,NaN,NaN
2015,5,-9.076,-8.617,-8.469,NaN,NaN
2015,6,-8.881,-8.5,-8.454,NaN,NaN
2015,7,-8.89,-8.159,-8.436,NaN,NaN
2015,8,-8.634,-7.771,-8.491,NaN,NaN
2015,9,-8.32,-7.612,-8.484,NaN,NaN
2015,10,-8.932,-7.685,-8.497,NaN,NaN
2015,11,-7.419,-7.57,-8.5,NaN,NaN
2015,12,-5.256,-7.531,-8.513,NaN,NaN
2016,1,-3.42,-7.494,-8.503,NaN,NaN
2016,2,-6.975,-7.465,-8.515,NaN,NaN
2016,3,-6.519,-7.458,-8.56,NaN,NaN
2016,4,-9.896,-7.452,-8.61,NaN,NaN
2016,5,-7.697,-7.228,-8.597,NaN,NaN
2016,6,-8.408,-7.499,-8.485,NaN,NaN
2016,7,-8.446,-7.529,NaN,NaN,NaN
2016,8,-8.285,-7.478,NaN,NaN,NaN
2016,9,-8.243,-7.71,NaN,NaN,NaN
2016,10,-8.855,-7.628,NaN,NaN,NaN
2016,11,-4.73,-7.659,NaN,NaN,NaN
2016,12,-8.509,-7.688,NaN,NaN,NaN
2017,1,-3.782,-7.761,NaN,NaN,NaN
2017,2,-6.367,-7.809,NaN,NaN,NaN
2017,3,-9.302,-7.792,NaN,NaN,NaN
2017,4,-8.912,-7.756,NaN,NaN,NaN
2017,5,-8.067,-8.224,NaN,NaN,NaN
2017,6,-8.762,-8.14,NaN,NaN,NaN
2017,7,-9.316,-8.363,NaN,NaN,NaN
2017,8,-8.864,-8.695,NaN,NaN,NaN
2017,9,-8.035,-8.516,NaN,NaN,NaN
2017,10,-8.424,-8.732,NaN,NaN,NaN
2017,11,-10.348,-8.873,NaN,NaN,NaN
2017,12,-7.498,-8.923,NaN,NaN,NaN
2018,1,-6.462,-8.891,NaN,NaN,NaN
2018,2,-10.354,-8.941,NaN,NaN,NaN
2018,3,-7.154,-9.181,NaN,NaN,NaN
2018,4,-11.496,-9.365,NaN,NaN,NaN
2018,5,-9.765,-9.299,NaN,NaN,NaN
2018,6,-9.362,-9.148,NaN,NaN,NaN
2018,7,-8.924,NaN,NaN,NaN,NaN
2018,8,-9.472,NaN,NaN,NaN,NaN
2018,9,-10.917,NaN,NaN,NaN,NaN
2018,10,-10.633,NaN,NaN,NaN,NaN
2018,11,-9.556,NaN,NaN,NaN,NaN
2018,12,-5.678,NaN,NaN,NaN,NaN
