Year,Month,Monthly,Annual,Five,Ten,Twenty
1811,8,-0.225,NaN,NaN,NaN,NaN
1811,9,-0.502,NaN,NaN,NaN,NaN
1811,10,-3.214,NaN,NaN,NaN,NaN
1811,11,-2.967,NaN,NaN,NaN,NaN
1811,12,0.556,NaN,NaN,NaN,NaN
1812,1,-2.02,-1.892,NaN,NaN,NaN
1812,2,-4.646,-1.765,NaN,NaN,NaN
1812,3,-3.264,-1.745,NaN,NaN,NaN
1812,4,-2.678,-1.662,NaN,NaN,NaN
1812,5,-1.603,NaN,NaN,NaN,NaN
1812,6,-1.753,NaN,NaN,NaN,NaN
1812,7,-0.391,NaN,NaN,NaN,NaN
1812,8,NaN,NaN,NaN,NaN,NaN
1812,9,NaN,NaN,NaN,NaN,NaN
1812,10,-2.222,NaN,NaN,NaN,NaN
1812,11,-2.168,NaN,NaN,NaN,NaN
1812,12,-0.467,NaN,NaN,NaN,NaN
1813,1,-2.447,NaN,NaN,NaN,NaN
1813,2,-1.126,-1.025,NaN,NaN,NaN
1813,3,NaN,-0.869,NaN,NaN,NaN
1813,4,0.087,NaN,NaN,NaN,NaN
1813,5,0.92,NaN,NaN,NaN,NaN
1813,6,-0.205,NaN,NaN,NaN,NaN
1813,7,0.124,NaN,NaN,NaN,NaN
1813,8,-0.962,NaN,NaN,NaN,NaN
1813,9,1.608,NaN,NaN,NaN,NaN
1813,10,NaN,NaN,NaN,NaN,NaN
1813,11,NaN,NaN,NaN,NaN,NaN
1813,12,NaN,NaN,NaN,NaN,NaN
1814,1,NaN,NaN,NaN,NaN,NaN
1814,2,NaN,NaN,NaN,NaN,NaN
1814,3,NaN,NaN,NaN,NaN,NaN
1814,4,NaN,NaN,NaN,NaN,NaN
1814,5,NaN,NaN,NaN,NaN,NaN
1814,6,NaN,NaN,NaN,NaN,NaN
1814,7,NaN,NaN,NaN,NaN,NaN
1814,8,NaN,NaN,NaN,NaN,NaN
1814,9,NaN,NaN,NaN,NaN,NaN
1814,10,NaN,NaN,NaN,NaN,NaN
1814,11,NaN,NaN,NaN,NaN,NaN
1814,12,NaN,NaN,NaN,NaN,NaN
1815,1,NaN,NaN,NaN,NaN,NaN
1815,2,NaN,NaN,NaN,NaN,NaN
1815,3,NaN,NaN,NaN,NaN,NaN
1815,4,NaN,NaN,NaN,NaN,NaN
1815,5,NaN,NaN,NaN,NaN,NaN
1815,6,NaN,NaN,NaN,NaN,NaN
1815,7,NaN,NaN,NaN,NaN,NaN
1815,8,NaN,NaN,NaN,NaN,NaN
1815,9,NaN,NaN,NaN,NaN,NaN
1815,10,NaN,NaN,NaN,NaN,NaN
1815,11,NaN,NaN,NaN,NaN,NaN
1815,12,NaN,NaN,NaN,NaN,NaN
1816,1,NaN,NaN,NaN,NaN,NaN
1816,2,NaN,NaN,NaN,NaN,NaN
1816,3,NaN,NaN,NaN,NaN,NaN
1816,4,NaN,NaN,NaN,NaN,NaN
1816,5,NaN,NaN,NaN,NaN,NaN
1816,6,NaN,NaN,NaN,NaN,NaN
1816,7,NaN,NaN,NaN,NaN,NaN
1816,8,NaN,NaN,NaN,NaN,NaN
1816,9,NaN,NaN,NaN,NaN,NaN
1816,10,NaN,NaN,NaN,NaN,NaN
1816,11,NaN,NaN,NaN,NaN,NaN
1816,12,NaN,NaN,NaN,NaN,NaN
1817,1,NaN,NaN,NaN,NaN,NaN
1817,2,NaN,NaN,NaN,NaN,NaN
1817,3,NaN,NaN,NaN,NaN,NaN
1817,4,NaN,NaN,NaN,NaN,NaN
1817,5,NaN,NaN,NaN,NaN,NaN
1817,6,NaN,NaN,NaN,NaN,NaN
1817,7,NaN,NaN,NaN,NaN,NaN
1817,8,NaN,NaN,NaN,NaN,NaN
1817,9,NaN,NaN,NaN,NaN,NaN
1817,10,NaN,NaN,NaN,NaN,NaN
1817,11,NaN,NaN,NaN,NaN,NaN
1817,12,NaN,NaN,NaN,NaN,NaN
1818,1,NaN,NaN,NaN,NaN,NaN
1818,2,NaN,NaN,NaN,NaN,NaN
1818,3,NaN,NaN,NaN,NaN,NaN
1818,4,NaN,NaN,NaN,NaN,NaN
1818,5,NaN,NaN,NaN,NaN,NaN
1818,6,NaN,NaN,NaN,NaN,NaN
1818,7,NaN,NaN,NaN,NaN,NaN
1818,8,NaN,NaN,NaN,NaN,NaN
1818,9,NaN,NaN,NaN,NaN,NaN
1818,10,NaN,NaN,NaN,NaN,NaN
1818,11,NaN,NaN,NaN,NaN,NaN
1818,12,NaN,NaN,NaN,NaN,NaN
1819,1,NaN,NaN,NaN,NaN,NaN
1819,2,NaN,NaN,NaN,NaN,NaN
1819,3,NaN,NaN,NaN,NaN,NaN
1819,4,NaN,NaN,NaN,NaN,NaN
1819,5,NaN,NaN,NaN,NaN,NaN
1819,6,NaN,NaN,NaN,NaN,NaN
1819,7,NaN,NaN,NaN,NaN,NaN
1819,8,NaN,NaN,NaN,NaN,NaN
1819,9,NaN,NaN,NaN,NaN,NaN
1819,10,NaN,NaN,NaN,NaN,NaN
1819,11,NaN,NaN,NaN,NaN,NaN
1819,12,NaN,NaN,NaN,NaN,NaN
1820,1,NaN,NaN,NaN,NaN,NaN
1820,2,NaN,NaN,NaN,NaN,NaN
1820,3,NaN,NaN,NaN,NaN,NaN
1820,4,NaN,NaN,NaN,NaN,NaN
1820,5,NaN,NaN,NaN,NaN,NaN
1820,6,NaN,NaN,NaN,NaN,NaN
1820,7,NaN,NaN,NaN,NaN,NaN
1820,8,NaN,NaN,NaN,NaN,NaN
1820,9,NaN,NaN,NaN,NaN,NaN
1820,10,NaN,NaN,NaN,NaN,NaN
1820,11,NaN,NaN,NaN,NaN,NaN
1820,12,NaN,NaN,NaN,NaN,NaN
1821,1,NaN,NaN,NaN,NaN,NaN
1821,2,NaN,NaN,NaN,NaN,NaN
1821,3,NaN,NaN,NaN,NaN,NaN
1821,4,NaN,NaN,NaN,NaN,NaN
1821,5,NaN,NaN,NaN,NaN,NaN
1821,6,NaN,NaN,NaN,NaN,NaN
1821,7,NaN,NaN,NaN,NaN,NaN
1821,8,NaN,NaN,NaN,NaN,NaN
1821,9,NaN,NaN,NaN,NaN,NaN
1821,10,NaN,NaN,NaN,NaN,NaN
1821,11,NaN,NaN,NaN,NaN,NaN
1821,12,NaN,NaN,NaN,NaN,NaN
1822,1,NaN,NaN,NaN,NaN,NaN
1822,2,NaN,NaN,NaN,NaN,NaN
1822,3,NaN,NaN,NaN,NaN,NaN
1822,4,NaN,NaN,NaN,NaN,NaN
1822,5,NaN,NaN,NaN,NaN,NaN
1822,6,NaN,NaN,NaN,NaN,NaN
1822,7,NaN,NaN,NaN,NaN,NaN
1822,8,NaN,NaN,NaN,NaN,NaN
1822,9,NaN,NaN,NaN,NaN,NaN
1822,10,NaN,NaN,NaN,NaN,NaN
1822,11,NaN,NaN,NaN,NaN,NaN
1822,12,NaN,NaN,NaN,NaN,NaN
1823,1,NaN,NaN,NaN,NaN,NaN
1823,2,NaN,NaN,NaN,NaN,NaN
1823,3,NaN,NaN,NaN,NaN,NaN
1823,4,NaN,NaN,NaN,NaN,NaN
1823,5,NaN,NaN,NaN,NaN,NaN
1823,6,NaN,NaN,NaN,NaN,NaN
1823,7,NaN,NaN,NaN,NaN,NaN
1823,8,NaN,NaN,NaN,NaN,NaN
1823,9,NaN,NaN,NaN,NaN,NaN
1823,10,-2.734,NaN,NaN,NaN,NaN
1823,11,-1.878,NaN,NaN,NaN,NaN
1823,12,-1.854,NaN,NaN,NaN,NaN
1824,1,1.267,NaN,NaN,NaN,NaN
1824,2,-2.516,NaN,NaN,NaN,NaN
1824,3,-0.341,NaN,NaN,NaN,NaN
1824,4,0.341,NaN,NaN,NaN,NaN
1824,5,0.059,NaN,NaN,NaN,NaN
1824,6,1.479,NaN,NaN,NaN,NaN
1824,7,1.131,NaN,NaN,NaN,NaN
1824,8,NaN,NaN,NaN,NaN,NaN
1824,9,NaN,NaN,NaN,NaN,NaN
1824,10,NaN,NaN,NaN,NaN,NaN
1824,11,NaN,NaN,NaN,NaN,NaN
1824,12,NaN,NaN,NaN,NaN,NaN
1825,1,NaN,NaN,NaN,NaN,NaN
1825,2,NaN,NaN,NaN,NaN,NaN
1825,3,NaN,NaN,NaN,NaN,NaN
1825,4,NaN,NaN,NaN,NaN,NaN
1825,5,NaN,NaN,NaN,NaN,NaN
1825,6,NaN,NaN,NaN,NaN,NaN
1825,7,NaN,NaN,NaN,NaN,NaN
1825,8,NaN,NaN,NaN,NaN,NaN
1825,9,NaN,NaN,NaN,NaN,NaN
1825,10,-2.933,NaN,NaN,NaN,NaN
1825,11,-2.241,NaN,NaN,NaN,NaN
1825,12,-0.543,NaN,NaN,NaN,NaN
1826,1,0.064,NaN,NaN,NaN,NaN
1826,2,NaN,NaN,NaN,NaN,NaN
1826,3,-0.358,NaN,NaN,NaN,NaN
1826,4,NaN,NaN,NaN,NaN,NaN
1826,5,NaN,NaN,NaN,NaN,NaN
1826,6,NaN,NaN,NaN,NaN,NaN
1826,7,NaN,NaN,NaN,NaN,NaN
1826,8,NaN,NaN,NaN,NaN,NaN
1826,9,NaN,NaN,NaN,NaN,NaN
1826,10,-2.085,NaN,NaN,NaN,NaN
1826,11,1.006,NaN,NaN,NaN,NaN
1826,12,2.099,NaN,NaN,NaN,NaN
1827,1,3.06,NaN,NaN,NaN,NaN
1827,2,NaN,NaN,NaN,NaN,NaN
1827,3,-0.316,NaN,NaN,NaN,NaN
1827,4,1.795,NaN,NaN,NaN,NaN
1827,5,1.575,NaN,NaN,NaN,NaN
1827,6,NaN,NaN,NaN,NaN,NaN
1827,7,NaN,NaN,NaN,NaN,NaN
1827,8,NaN,NaN,NaN,NaN,NaN
1827,9,NaN,NaN,NaN,NaN,NaN
1827,10,NaN,NaN,NaN,NaN,NaN
1827,11,NaN,NaN,NaN,NaN,NaN
1827,12,NaN,NaN,NaN,NaN,NaN
1828,1,-1.129,NaN,NaN,NaN,NaN
1828,2,-0.455,NaN,NaN,NaN,NaN
1828,3,1.43,NaN,NaN,NaN,NaN
1828,4,1.243,NaN,NaN,NaN,NaN
1828,5,0.476,NaN,NaN,NaN,NaN
1828,6,NaN,NaN,NaN,NaN,NaN
1828,7,NaN,NaN,NaN,NaN,NaN
1828,8,NaN,NaN,NaN,NaN,NaN
1828,9,NaN,NaN,NaN,NaN,NaN
1828,10,-1.242,NaN,NaN,NaN,NaN
1828,11,-0.595,NaN,NaN,NaN,NaN
1828,12,-1.329,NaN,NaN,NaN,NaN
1829,1,-0.289,-0.511,NaN,NaN,NaN
1829,2,-1.707,-0.538,NaN,NaN,NaN
1829,3,0.599,-0.536,NaN,NaN,NaN
1829,4,-0.388,-0.532,NaN,NaN,NaN
1829,5,NaN,-0.672,NaN,NaN,NaN
1829,6,-0.143,-0.632,NaN,NaN,NaN
1829,7,-0.582,-0.58,NaN,NaN,NaN
1829,8,-0.542,-0.308,NaN,NaN,NaN
1829,9,NaN,-0.372,NaN,NaN,NaN
1829,10,-1.203,-0.201,NaN,NaN,NaN
1829,11,-2.277,-0.442,NaN,NaN,NaN
1829,12,-0.842,-0.522,NaN,NaN,NaN
1830,1,0.33,NaN,NaN,NaN,NaN
1830,2,1.565,NaN,NaN,NaN,NaN
1830,3,-0.173,NaN,NaN,NaN,NaN
1830,4,1.668,NaN,NaN,NaN,NaN
1830,5,NaN,NaN,NaN,NaN,NaN
1830,6,NaN,NaN,NaN,NaN,NaN
1830,7,NaN,NaN,NaN,NaN,NaN
1830,8,NaN,NaN,NaN,NaN,NaN
1830,9,-1.397,NaN,NaN,NaN,NaN
1830,10,-0.619,NaN,NaN,NaN,NaN
1830,11,3.362,0.506,NaN,NaN,NaN
1830,12,2.525,0.548,NaN,NaN,NaN
1831,1,2.289,0.404,NaN,NaN,NaN
1831,2,0.741,0.437,NaN,NaN,NaN
1831,3,0.928,NaN,NaN,NaN,NaN
1831,4,-0.307,NaN,NaN,NaN,NaN
1831,5,-0.301,NaN,NaN,NaN,NaN
1831,6,NaN,NaN,NaN,NaN,NaN
1831,7,NaN,NaN,NaN,NaN,NaN
1831,8,NaN,NaN,NaN,NaN,NaN
1831,9,NaN,NaN,NaN,-0.44,NaN
1831,10,-1.635,NaN,NaN,-0.441,NaN
1831,11,0.1,NaN,NaN,-0.461,NaN
1831,12,-2.655,NaN,NaN,-0.487,NaN
1832,1,1.604,NaN,NaN,-0.505,NaN
1832,2,-4.138,NaN,NaN,-0.514,NaN
1832,3,0.238,NaN,-0.41,-0.518,NaN
1832,4,-1.429,NaN,-0.416,-0.551,NaN
1832,5,-0.785,NaN,-0.364,-0.577,NaN
1832,6,NaN,NaN,-0.366,-0.59,NaN
1832,7,NaN,NaN,-0.349,-0.606,NaN
1832,8,NaN,NaN,-0.403,-0.614,NaN
1832,9,NaN,NaN,-0.408,-0.616,NaN
1832,10,-1.222,NaN,-0.456,-0.638,NaN
1832,11,-1.331,NaN,-0.447,-0.649,NaN
1832,12,-1.598,NaN,-0.448,-0.655,-0.574
1833,1,0.762,NaN,-0.489,-0.658,-0.568
1833,2,-1.412,NaN,-0.502,-0.664,-0.567
1833,3,0.409,-0.604,-0.508,-0.676,-0.57
1833,4,-0.059,-0.658,-0.534,-0.71,-0.564
1833,5,NaN,-0.508,-0.617,-0.727,-0.565
1833,6,NaN,-0.339,-0.688,-0.739,-0.576
1833,7,NaN,-0.533,-0.728,-0.744,-0.582
1833,8,-0.26,-0.405,-0.76,-0.75,-0.583
1833,9,-0.282,-0.398,-0.793,-0.739,-0.582
1833,10,-1.875,-0.396,-0.826,-0.74,-0.582
1833,11,0.476,-0.404,-0.834,-0.752,-0.581
1833,12,0.428,-0.426,-0.838,-0.752,-0.57
1834,1,-1.565,-0.377,-0.842,-0.752,-0.585
1834,2,0.126,-0.419,-0.867,-0.717,-0.571
1834,3,0.492,-0.438,-0.871,-0.736,-0.577
1834,4,-0.037,-0.41,-0.879,-0.716,-0.578
1834,5,-0.666,-0.381,-0.904,-0.738,-0.587
1834,6,-0.991,-0.494,-0.878,-0.742,-0.6
1834,7,-0.368,-0.254,-0.889,-0.739,-0.61
1834,8,-0.763,-0.404,-0.836,-0.728,-0.614
1834,9,-0.518,-0.482,-0.853,-0.729,-0.62
1834,10,-1.532,-0.584,-0.865,-0.734,-0.616
1834,11,0.822,-0.608,-0.878,-0.72,-0.62
1834,12,-0.933,-0.623,-0.888,-0.706,-0.625
1835,1,1.319,-0.731,-0.91,-0.692,-0.621
1835,2,-1.675,-0.804,-0.907,-0.721,-0.624
1835,3,-0.442,-0.906,-0.907,-0.713,-0.632
1835,4,-1.262,-0.962,-0.936,-0.738,-0.64
1835,5,-0.954,-1.164,-0.946,-0.725,-0.647
1835,6,-1.174,-1.234,-0.946,-0.719,-0.656
1835,7,-1.667,-1.348,-0.983,-0.72,-0.658
1835,8,NaN,-1.307,-0.98,-0.726,-0.656
1835,9,-1.745,-1.36,-0.985,-0.717,-0.658
1835,10,-2.205,-1.447,-1.032,-0.733,-0.659
1835,11,-1.598,-1.431,-1.05,-0.773,-0.655
1835,12,-1.77,-1.401,-1.046,-0.804,-0.658
1836,1,-0.058,-1.364,-1.038,-0.827,-0.642
1836,2,-1.174,-1.39,-1.049,-0.831,-0.637
1836,3,-1.086,-1.359,-1.049,-0.846,-0.626
1836,4,-2.3,-1.355,-1.04,-0.875,-0.632
1836,5,-0.768,-1.338,-1.082,-0.879,-0.636
1836,6,-0.812,-1.279,-1.111,-0.879,-0.632
1836,7,-1.223,-1.197,-1.089,-0.875,-0.631
1836,8,-1.937,-1.178,-1.05,-0.871,-0.626
1836,9,-1.379,-1.154,-1.086,-0.871,-0.623
1836,10,-2.152,-1.142,-1.052,-0.87,-0.622
1836,11,-1.4,-1.206,-1.062,-0.869,-0.625
1836,12,-1.058,-1.248,-1.056,-0.846,-0.632
1837,1,0.921,-1.312,-1.054,-0.853,-0.64
1837,2,-0.94,-1.266,-1.028,-0.827,-0.635
1837,3,-0.803,-1.229,-1.047,-0.826,-0.639
1837,4,-2.158,-1.294,-1.053,-0.807,-0.652
1837,5,-1.531,-1.341,-1.076,-0.812,-0.662
1837,6,-1.321,-1.382,-1.047,-0.824,-0.667
1837,7,-1.985,-1.584,-1.035,-0.83,-0.669
1837,8,-1.384,-1.605,-1.039,-0.817,-0.671
1837,9,-0.94,-1.533,-1.018,-0.818,-0.67
1837,10,-2.928,-1.593,-1.019,-0.818,-0.674
1837,11,-1.962,-1.598,-1.003,-0.819,-0.676
1837,12,-1.556,-1.529,-0.989,-0.799,-0.678
1838,1,-1.5,-1.405,-0.952,-0.785,-0.677
1838,2,-1.191,-1.369,-0.95,-0.794,-0.672
1838,3,0.056,-1.312,-0.927,-0.813,-0.682
1838,4,-2.872,-1.18,-0.932,-0.818,-0.687
1838,5,-1.598,-1.185,-0.93,-0.833,-0.693
1838,6,-0.493,-1.166,-0.919,-0.843,-0.7
1838,7,-0.494,-1.063,-0.926,-0.845,-0.703
1838,8,-0.951,-0.758,-0.903,-0.849,-0.708
1838,9,-0.257,-0.903,-0.898,-0.857,-0.708
1838,10,-1.338,-0.492,-0.923,-0.864,-0.708
1838,11,-2.028,-0.468,-0.924,-0.882,-0.707
1838,12,-1.323,-0.478,-0.92,-0.879,-0.712
1839,1,-0.269,-0.457,-0.908,-0.885,-0.716
1839,2,2.473,-0.311,-0.876,-0.879,-0.722
1839,3,-1.682,-0.43,-0.87,-0.898,-0.728
1839,4,2.054,-0.476,-0.861,-0.897,-0.739
1839,5,-1.309,-0.35,-0.834,-0.909,-0.75
1839,6,-0.615,-0.175,-0.813,-0.914,-0.754
1839,7,-0.237,0.018,-0.816,-0.923,-0.752
1839,8,0.804,-0.346,-0.819,-0.93,-0.754
1839,9,-1.693,-0.142,-0.798,-0.936,-0.751
1839,10,-1.889,-0.421,-0.749,-0.938,-0.749
1839,11,-0.511,-0.313,-0.747,-0.97,-0.732
1839,12,0.772,-0.29,-0.76,-0.968,-0.738
1840,1,2.045,-0.223,-0.751,-0.97,-0.74
1840,2,-1.894,-0.415,-0.727,-0.962,-0.743
1840,3,0.773,-0.303,-0.729,-0.964,-0.747
1840,4,-1.297,-0.355,-0.7,-0.954,-0.763
1840,5,-0.012,-0.435,-0.692,-0.961,-0.763
1840,6,-0.337,-0.595,-0.652,-0.964,-0.756
1840,7,0.559,-0.803,-0.587,-0.958,-0.759
1840,8,-1.491,-0.63,-0.609,-0.944,-0.756
1840,9,-0.358,-0.759,-0.641,-0.938,-0.752
1840,10,-2.516,-0.966,-0.603,-0.946,-0.753
1840,11,-1.459,-1.033,-0.615,-0.942,-0.766
1840,12,-1.155,-1.054,-0.64,-0.939,-0.783
1841,1,-0.449,-1.143,-0.652,-0.905,-0.789
1841,2,0.185,-1.019,-0.648,-0.904,-0.796
1841,3,-0.777,-1.077,-0.665,-0.876,-0.796
1841,4,-3.781,-1,-0.689,-0.87,-0.796
1841,5,-0.812,-0.862,-0.682,-0.863,-0.8
1841,6,-0.595,-0.748,-0.646,-0.849,-0.801
1841,7,-0.508,-0.648,-0.681,-0.837,-0.799
1841,8,-0.001,-0.756,-0.709,-0.816,-0.801
1841,9,-1.054,-0.654,-0.71,-0.806,-0.795
1841,10,-1.593,-0.272,-0.743,-0.804,-0.789
1841,11,0.201,-0.322,-0.756,-0.79,-0.79
1841,12,0.203,-0.45,-0.773,-0.776,-0.784
1842,1,0.755,-0.525,-0.792,-0.775,-0.785
1842,2,-1.115,-0.52,-0.832,-0.757,-0.766
1842,3,0.446,-0.521,-0.825,-0.76,-0.777
1842,4,0.805,-0.491,-0.822,-0.752,-0.77
1842,5,-1.413,-0.628,-0.865,-0.748,-0.767
1842,6,-2.129,-0.578,-0.888,-0.745,-0.765
1842,7,-1.407,-0.438,-0.905,-0.732,-0.763
1842,8,0.063,-0.554,-0.884,-0.727,-0.758
1842,9,-1.062,-0.748,-0.91,-0.724,-0.756
1842,10,-1.241,-0.864,-0.888,-0.71,-0.752
1842,11,-1.44,-0.942,-0.918,-0.703,-0.753
1842,12,0.804,-0.926,-0.939,-0.7,-0.75
1843,1,2.433,-0.91,-0.963,-0.695,-0.752
1843,2,-2.502,-0.976,-0.938,-0.679,-0.747
1843,3,-1.891,-0.994,-0.949,-0.689,-0.751
1843,4,-0.579,-1.12,-0.96,-0.664,-0.753
1843,5,-2.349,-1.137,-0.954,-0.658,-0.752
1843,6,-1.938,-1.135,-0.958,-0.662,-0.75
1843,7,-1.215,-1.534,-0.885,-0.662,-0.748
1843,8,-0.738,-1.257,-0.904,-0.666,-0.749
1843,9,-1.277,-1.245,-0.853,-0.677,-0.75
1843,10,-2.748,-1.19,-0.816,-0.675,-0.748
1843,11,-1.649,-1.171,-0.803,-0.663,-0.758
1843,12,0.825,-1.145,-0.778,-0.673,-0.76
1844,1,-2.344,-1.157,-0.766,-0.679,-0.76
1844,2,0.814,-1.228,-0.757,-0.728,-0.771
1844,3,-1.738,-1.228,-0.741,-0.719,-0.778
1844,4,0.077,-1.145,-0.747,-0.762,-0.782
1844,5,-2.126,-1.265,-0.746,-0.763,-0.783
1844,6,-1.616,-1.384,-0.738,-0.767,-0.781
1844,7,-1.363,-1.1,-0.735,-0.765,-0.781
1844,8,-1.594,-1.225,-0.696,-0.78,-0.779
1844,9,-1.279,-1.142,-0.721,-0.774,-0.778
1844,10,-1.743,-1.15,-0.756,-0.763,-0.772
1844,11,-3.091,-1.122,-0.749,-0.744,-0.772
1844,12,-0.61,-1.121,-0.729,-0.769,-0.769
1845,1,1.065,-1.08,-0.713,-0.789,-0.77
1845,2,-0.682,-0.949,-0.728,-0.766,-0.767
1845,3,-0.741,-0.925,-0.72,-0.781,-0.768
1845,4,-0.019,-1.045,-0.72,-0.787,-0.767
1845,5,-1.793,-0.877,-0.714,-0.8,-0.765
1845,6,-1.608,-0.946,-0.748,-0.794,-0.763
1845,7,-0.865,-0.703,-0.803,-0.798,-0.759
1845,8,-0.016,-0.728,-0.749,-0.786,-0.757
1845,9,-0.992,-0.477,-0.737,-0.786,-0.752
1845,10,-3.189,-0.607,-0.725,-0.774,-0.751
1845,11,-1.078,-0.458,-0.701,-0.759,-0.75
1845,12,-1.437,-0.25,-0.685,-0.763,-0.753
1846,1,3.987,-0.161,-0.672,-0.752,-0.747
1846,2,-0.986,-0.112,-0.683,-0.76,-0.742
1846,3,2.274,-0.036,-0.69,-0.747,-0.74
1846,4,-1.579,0.066,-0.662,-0.718,-0.732
1846,5,NaN,0.18,-0.643,-0.72,-0.728
1846,6,0.88,0.353,-0.699,-0.723,-0.719
1846,7,0.212,0.102,-0.678,-0.722,-0.716
1846,8,0.563,0.286,-0.747,-0.73,-0.713
1846,9,-0.079,0.007,-0.729,-0.72,-0.709
1846,10,-1.959,0.031,-0.782,-0.707,-0.707
1846,11,0.284,-0.05,-0.769,-0.71,-0.701
1846,12,0.644,-0.202,-0.761,-0.723,-0.699
1847,1,0.972,-0.259,-0.739,-0.717,-0.708
1847,2,1.227,-0.372,-0.729,-0.705,-0.708
1847,3,-1.083,-0.416,-0.723,-0.727,-0.707
1847,4,-1.292,-0.354,-0.705,-0.733,-0.705
1847,5,-0.969,-0.471,-0.623,-0.722,-0.703
1847,6,-0.943,-0.628,-0.651,-0.707,-0.7
1847,7,-0.478,-0.782,-0.673,-0.695,-0.694
1847,8,-0.791,-0.819,-0.648,-0.699,-0.691
1847,9,-0.609,-0.826,-0.653,-0.694,-0.69
1847,10,-1.217,-0.711,-0.686,-0.687,-0.685
1847,11,-1.113,-0.703,-0.683,-0.687,-0.678
1847,12,-1.246,-0.707,-0.649,-0.701,-0.668
1848,1,-0.876,-0.703,-0.633,-0.72,-0.664
1848,2,0.786,-0.756,-0.633,-0.699,-0.67
1848,3,-1.171,-0.843,-0.623,-0.69,-0.666
1848,4,0.095,-0.83,-0.588,-0.688,-0.657
1848,5,-0.871,-0.782,-0.565,-0.671,-0.654
1848,6,-0.99,-0.887,-0.567,-0.657,-0.65
1848,7,-0.429,-0.905,-0.619,-0.652,-0.652
1848,8,-1.433,-1.25,-0.617,-0.649,-0.651
1848,9,-1.647,-1.207,-0.641,-0.643,-0.653
1848,10,-1.069,-1.471,-0.62,-0.631,-0.653
1848,11,-0.528,-1.512,-0.638,-0.634,-0.646
1848,12,-2.514,-1.526,-0.668,-0.641,-0.646
1849,1,-1.086,-1.493,-0.678,-0.635,-0.646
1849,2,-3.363,-1.458,-0.704,-0.663,-0.664
1849,3,-0.644,-1.397,-0.699,-0.657,-0.657
1849,4,-3.08,-1.359,-0.667,-0.667,-0.671
1849,5,-1.362,-1.164,-0.675,-0.657,-0.665
1849,6,-1.162,-1.145,-0.707,-0.649,-0.665
1849,7,-0.024,-1.077,-0.7,-0.639,-0.666
1849,8,-1.012,-0.727,-0.714,-0.628,-0.671
1849,9,-0.922,-0.761,-0.734,-0.62,-0.668
1849,10,-0.612,-0.673,-0.71,-0.607,-0.668
1849,11,1.808,-0.691,-0.696,-0.574,-0.672
1849,12,-2.279,-0.561,-0.684,-0.57,-0.679
1850,1,-0.267,-0.548,-0.676,-0.57,-0.685
1850,2,0.833,-0.467,-0.671,-0.573,-0.676
1850,3,-1.048,-0.421,-0.667,-0.571,-0.677
1850,4,-2.032,-0.46,-0.654,-0.58,-0.677
1850,5,-1.573,-0.589,-0.659,-0.569,-0.676
1850,6,0.392,-0.527,-0.653,-0.561,-0.673
1850,7,0.141,-0.433,-0.636,-0.56,-0.677
1850,8,-0.049,-0.574,-0.65,-0.569,-0.672
1850,9,-0.371,-0.417,-0.643,-0.567,-0.672
1850,10,-1.073,-0.275,-0.65,-0.556,-0.666
1850,11,0.263,-0.233,-0.642,-0.558,-0.657
1850,12,-1.535,-0.346,-0.63,-0.566,-0.655
1851,1,0.852,-0.387,-0.632,-0.588,-0.659
1851,2,-0.857,-0.464,-0.614,-0.581,-0.661
1851,3,0.837,-0.417,-0.596,-0.605,-0.666
1851,4,-0.33,-0.332,-0.601,-0.594,-0.657
1851,5,-1.065,-0.368,-0.625,-0.594,-0.659
1851,6,-0.963,-0.348,-0.584,-0.59,-0.656
1851,7,-0.357,-0.302,-0.592,-0.594,-0.655
1851,8,-0.975,-0.199,-0.578,-0.609,-0.656
1851,9,0.203,-0.459,-0.585,-0.613,-0.653
1851,10,-0.054,-0.421,-0.553,-0.61,-0.653
1851,11,-0.172,-0.339,-0.544,-0.611,-0.657
1851,12,-1.292,-0.282,-0.536,-0.621,-0.66
1852,1,1.398,-0.252,-0.539,-0.64,-0.675
1852,2,0.379,-0.21,-0.528,-0.659,-0.685
1852,3,-2.279,-0.259,-0.516,-0.654,-0.692
1852,4,0.131,-0.289,-0.509,-0.657,-0.707
1852,5,-0.085,-0.393,-0.525,-0.659,-0.703
1852,6,-0.279,-0.358,-0.49,-0.656,-0.696
1852,7,0.002,-0.463,-0.468,-0.655,-0.693
1852,8,-0.47,-0.497,-0.498,-0.656,-0.696
1852,9,-0.389,-0.37,-0.489,-0.656,-0.694
1852,10,-0.409,-0.408,-0.474,-0.659,-0.698
1852,11,-1.417,-0.436,-0.456,-0.654,-0.698
1852,12,-0.878,-0.435,-0.473,-0.635,-0.705
1853,1,0.136,-0.48,-0.487,-0.633,-0.712
1853,2,-0.023,-0.472,-0.505,-0.661,-0.711
1853,3,-0.762,-0.486,-0.511,-0.642,-0.711
1853,4,-0.323,-0.563,-0.525,-0.649,-0.712
1853,5,-0.415,-0.609,-0.55,-0.651,-0.701
1853,6,-0.266,-0.544,-0.566,-0.639,-0.692
1853,7,-0.548,-0.686,-0.558,-0.643,-0.689
1853,8,-0.371,-0.892,-0.545,-0.637,-0.691
1853,9,-0.556,-0.918,-0.569,-0.629,-0.689
1853,10,-1.337,-0.989,-0.568,-0.632,-0.687
1853,11,NaN,-1.023,-0.549,-0.63,-0.683
1853,12,-0.095,-1.055,-0.511,-0.619,-0.693
1854,1,-1.563,-1.026,-0.51,-0.614,-0.686
1854,2,-2.503,-1.024,-0.515,-0.601,-0.688
1854,3,-1.077,-0.999,-0.527,-0.595,-0.68
1854,4,-1.17,-0.903,-0.554,-0.58,-0.686
1854,5,-0.817,-0.665,-0.548,-0.567,-0.673
1854,6,-0.656,-0.672,-0.536,-0.562,-0.664
1854,7,-0.195,-0.454,-0.58,-0.566,-0.658
1854,8,-0.348,-0.327,-0.604,-0.562,-0.652
1854,9,-0.261,-0.282,-0.575,-0.561,-0.649
1854,10,-0.183,-0.276,-0.603,-0.572,-0.647
1854,11,0.889,-0.25,-0.622,-0.601,-0.636
1854,12,-0.176,-0.247,-0.628,-0.589,-0.64
1855,1,NaN,-0.289,-0.634,-0.58,-0.643
1855,2,-0.978,-0.357,-0.64,-0.587,-0.641
1855,3,NaN,-0.393,-0.644,-0.573,-0.642
1855,4,-1.106,-0.538,-0.664,-0.567,-0.648
1855,5,NaN,-0.715,-0.648,-0.552,-0.641
1855,6,-0.62,-0.907,-0.617,-0.552,-0.635
1855,7,-0.703,-0.882,-0.629,-0.556,-0.635
1855,8,-1.164,-0.809,-0.673,-0.558,-0.636
1855,9,-0.687,-0.814,-0.642,-0.558,-0.63
1855,10,-1.928,-0.744,-0.649,-0.558,-0.62
1855,11,-1.24,-0.7,-0.66,-0.556,-0.613
1855,12,-2.471,-0.536,-0.647,-0.548,-0.615
1856,1,1.338,-0.504,-0.654,-0.566,-0.637
1856,2,-0.102,-0.512,-0.66,-0.562,-0.642
1856,3,-0.589,-0.5,-0.663,-0.584,-0.657
1856,4,-0.267,-0.475,-0.663,-0.595,-0.654
1856,5,0.033,-0.356,-0.635,-0.597,-0.658
1856,6,1.351,-0.199,-0.654,-0.589,-0.664
1856,7,-0.319,-0.415,-0.635,-0.587,-0.662
1856,8,-1.263,-0.496,-0.624,-0.582,-0.671
1856,9,-0.54,-0.489,-0.605,-0.587,-0.674
1856,10,-1.631,-0.598,-0.607,-0.599,-0.67
1856,11,0.181,-0.704,-0.59,-0.604,-0.671
1856,12,-0.587,-0.866,-0.588,-0.598,-0.674
1857,1,-1.248,-0.869,-0.594,-0.633,-0.678
1857,2,-1.076,-0.837,-0.597,-0.665,-0.691
1857,3,-0.497,-0.845,-0.606,-0.656,-0.694
1857,4,-1.585,-0.843,-0.634,-0.682,-0.693
1857,5,-1.233,-0.896,-0.677,-0.684,-0.694
1857,6,-0.595,-0.763,-0.688,-0.686,-0.689
1857,7,-0.358,-0.71,-0.693,-0.691,-0.687
1857,8,-0.878,-0.84,-0.676,-0.692,-0.683
1857,9,-0.63,-0.707,-0.657,-0.695,-0.68
1857,10,-1.605,-0.638,-0.66,-0.71,-0.679
1857,11,-0.459,-0.622,-0.649,-0.709,-0.672
1857,12,1.008,-0.532,-0.632,-0.71,-0.674
1858,1,-0.612,-0.585,-0.626,-0.704,-0.677
1858,2,-2.637,-0.571,-0.61,-0.723,-0.694
1858,3,1.096,-0.577,-0.605,-0.731,-0.69
1858,4,-0.75,-0.555,-0.59,-0.736,-0.694
1858,5,-1.041,-0.542,-0.561,-0.73,-0.691
1858,6,0.477,-0.73,-0.531,-0.726,-0.684
1858,7,-0.985,-0.713,-0.574,-0.726,-0.679
1858,8,-0.715,-0.646,-0.579,-0.733,-0.673
1858,9,-0.698,-0.735,-0.6,-0.736,-0.673
1858,10,-1.342,-0.78,-0.622,-0.743,-0.676
1858,11,-0.301,-0.673,-0.645,-0.732,-0.677
1858,12,-1.259,-0.76,-0.666,-0.744,-0.669
1859,1,-0.399,-0.722,-0.664,-0.738,-0.661
1859,2,-1.834,-0.709,-0.648,-0.713,-0.647
1859,3,0.021,-0.716,-0.646,-0.704,-0.65
1859,4,-1.288,-0.761,-0.645,-0.704,-0.641
1859,5,0.243,-0.875,-0.66,-0.69,-0.633
1859,6,-0.56,-0.84,-0.66,-0.679,-0.629
1859,7,-0.531,-0.746,-0.686,-0.677,-0.631
1859,8,-0.565,-0.589,-0.725,-0.676,-0.63
1859,9,-0.775,-0.539,-0.737,-0.677,-0.624
1859,10,-1.88,-0.537,-0.76,-0.686,-0.625
1859,11,-1.675,-0.545,-0.745,-0.699,-0.637
1859,12,-0.843,-0.467,-0.744,-0.709,-0.624
1860,1,0.737,-0.451,-0.748,-0.716,-0.623
1860,2,0.05,-0.422,-0.744,-0.71,-0.63
1860,3,0.615,-0.386,-0.745,-0.713,-0.634
1860,4,-1.263,-0.318,-0.756,-0.716,-0.626
1860,5,0.147,-0.136,-0.77,-0.713,-0.618
1860,6,0.376,-0.121,-0.803,-0.709,-0.614
1860,7,-0.336,-0.287,-0.779,-0.71,-0.612
1860,8,-0.212,-0.322,-0.773,-0.702,-0.612
1860,9,-0.351,-0.53,-0.821,-0.693,-0.608
1860,10,-1.065,-0.557,-0.823,-0.685,-0.606
1860,11,0.511,-0.683,-0.8,-0.669,-0.601
1860,12,-0.665,-0.706,-0.805,-0.663,-0.589
1861,1,-1.251,-0.695,-0.799,-0.685,-0.598
1861,2,-0.367,-0.703,-0.806,-0.703,-0.597
1861,3,-1.879,-0.707,-0.809,-0.71,-0.601
1861,4,-1.597,-0.748,-0.823,-0.715,-0.601
1861,5,-1.359,-0.85,-0.829,-0.722,-0.593
1861,6,0.094,-0.847,-0.835,-0.739,-0.587
1861,7,-0.199,-0.974,-0.841,-0.731,-0.586
1861,8,-0.309,-1.23,-0.802,-0.732,-0.583
1861,9,-0.404,-1.172,-0.802,-0.734,-0.585
1861,10,-1.555,-1.287,-0.801,-0.73,-0.585
1861,11,-0.712,-1.204,-0.791,-0.73,-0.594
1861,12,-0.626,-1.254,-0.77,-0.727,-0.599
1862,1,-2.78,-1.286,-0.761,-0.716,-0.6
1862,2,-3.436,-1.315,-0.755,-0.723,-0.6
1862,3,-1.181,-1.341,-0.749,-0.733,-0.595
1862,4,-2.981,-1.398,-0.738,-0.729,-0.599
1862,5,-0.361,-1.448,-0.72,-0.729,-0.6
1862,6,-0.505,-1.474,-0.73,-0.722,-0.597
1862,7,-0.585,-1.174,-0.738,-0.719,-0.595
1862,8,-0.657,-1.078,-0.744,-0.71,-0.591
1862,9,-0.715,-1.129,-0.769,-0.704,-0.588
1862,10,-2.24,-0.951,-0.772,-0.699,-0.587
1862,11,-1.305,-0.893,-0.777,-0.69,-0.587
1862,12,-0.942,-0.835,-0.786,-0.713,-0.594
1863,1,0.818,-0.839,-0.794,-0.722,-0.599
1863,2,-2.281,-0.883,-0.793,-0.727,-0.6
1863,3,-1.789,-0.895,-0.782,-0.737,-0.6
1863,4,-0.844,-0.888,-0.779,-0.738,-0.603
1863,5,0.324,-0.833,-0.777,-0.73,-0.602
1863,6,0.193,-0.891,-0.795,-0.73,-0.6
1863,7,-0.625,-1.022,-0.795,-0.715,-0.6
1863,8,-1.193,-0.792,-0.827,-0.71,-0.6
1863,9,-0.86,-0.643,-0.82,-0.716,-0.6
1863,10,-2.158,-0.672,-0.807,-0.72,-0.599
1863,11,-0.646,-0.629,-0.798,-0.725,-0.599
1863,12,-1.628,-0.586,-0.811,-0.718,-0.602
1864,1,-0.759,-0.534,-0.797,-0.708,-0.602
1864,2,0.482,-0.454,-0.816,-0.693,-0.595
1864,3,0,-0.415,-0.823,-0.704,-0.596
1864,4,-1.199,-0.338,-0.815,-0.702,-0.598
1864,5,0.839,-0.335,-0.8,-0.699,-0.591
1864,6,0.715,-0.316,-0.795,-0.697,-0.588
1864,7,-0.002,-0.234,-0.746,-0.695,-0.587
1864,8,-0.231,-0.3,-0.721,-0.698,-0.586
1864,9,-0.398,-0.374,-0.729,-0.686,-0.582
1864,10,-1.226,-0.394,-0.698,-0.679,-0.58
1864,11,-0.612,-0.474,-0.714,-0.672,-0.593
1864,12,-1.4,-0.546,-0.699,-0.658,-0.591
1865,1,0.223,-0.616,-0.69,-0.666,-0.608
1865,2,-0.305,-0.612,-0.676,-0.673,-0.617
1865,3,-0.893,-0.551,-0.663,-0.696,-0.625
1865,4,-1.434,-0.523,-0.641,-0.685,-0.628
1865,5,-0.125,-0.416,-0.611,-0.684,-0.63
1865,6,-0.151,-0.446,-0.623,-0.675,-0.631
1865,7,-0.834,-0.573,-0.666,-0.668,-0.629
1865,8,-0.186,-0.733,-0.681,-0.667,-0.624
1865,9,0.333,-0.781,-0.653,-0.658,-0.621
1865,10,-0.896,-0.734,-0.654,-0.654,-0.617
1865,11,0.672,-0.788,-0.661,-0.646,-0.628
1865,12,-1.756,-0.832,-0.655,-0.63,-0.622
1866,1,-1.296,-0.712,-0.631,-0.63,-0.632
1866,2,-2.23,-0.815,-0.613,-0.632,-0.64
1866,3,-1.466,-0.911,-0.622,-0.618,-0.647
1866,4,-0.867,-0.929,-0.617,-0.606,-0.648
1866,5,-0.774,-0.967,-0.621,-0.59,-0.65
1866,6,-0.685,-0.846,-0.601,-0.586,-0.657
1866,7,0.613,-0.725,-0.575,-0.585,-0.658
1866,8,-1.427,-0.701,-0.583,-0.584,-0.654
1866,9,-0.823,-0.72,-0.606,-0.583,-0.65
1866,10,-1.112,-0.742,-0.602,-0.572,-0.647
1866,11,0.215,-0.783,-0.608,-0.585,-0.654
1866,12,-0.301,-0.697,-0.624,-0.599,-0.655
1867,1,0.162,-0.752,-0.629,-0.566,-0.649
1867,2,-1.946,-0.619,-0.64,-0.535,-0.631
1867,3,-1.693,-0.542,-0.623,-0.534,-0.632
1867,4,-1.134,-0.526,-0.619,-0.516,-0.623
1867,5,-1.266,-0.502,-0.624,-0.515,-0.612
1867,6,0.349,-0.619,-0.587,-0.508,-0.613
1867,7,-0.046,-0.774,-0.594,-0.5,-0.609
1867,8,0.172,-0.878,-0.603,-0.49,-0.603
1867,9,0.099,-0.749,-0.622,-0.48,-0.597
1867,10,-0.926,-0.726,-0.597,-0.464,-0.592
1867,11,0.505,-0.632,-0.591,-0.465,-0.586
1867,12,-1.702,-0.612,-0.564,-0.477,-0.577
1868,1,-1.704,-0.543,-0.543,-0.493,-0.564
1868,2,-3.189,-0.565,-0.541,-0.477,-0.537
1868,3,-0.151,-0.692,-0.534,-0.468,-0.524
1868,4,-0.859,-0.768,-0.529,-0.47,-0.512
1868,5,-0.133,-0.885,-0.516,-0.474,-0.509
1868,6,0.592,-0.779,-0.466,-0.475,-0.506
1868,7,0.778,-0.568,-0.464,-0.473,-0.5
1868,8,-0.093,-0.305,-0.437,-0.467,-0.492
1868,9,-1.429,-0.408,-0.416,-0.465,-0.491
1868,10,-1.827,-0.417,-0.405,-0.456,-0.49
1868,11,-0.904,-0.363,-0.381,-0.467,-0.477
1868,12,-0.425,-0.432,-0.361,-0.46,-0.464
1869,1,0.821,-0.524,-0.373,-0.467,-0.46
1869,2,-0.026,-0.59,-0.352,-0.477,-0.466
1869,3,-1.391,-0.417,-0.343,-0.489,-0.47
1869,4,-0.964,-0.349,-0.328,-0.492,-0.465
1869,5,0.514,-0.349,-0.37,-0.491,-0.466
1869,6,-0.234,-0.244,-0.404,-0.497,-0.463
1869,7,-0.333,-0.33,-0.387,-0.497,-0.462
1869,8,-0.887,-0.397,-0.35,-0.496,-0.463
1869,9,0.651,-0.453,-0.339,-0.486,-0.46
1869,10,-1.012,-0.368,-0.334,-0.474,-0.452
1869,11,-0.905,-0.39,-0.317,-0.487,-0.448
1869,12,0.837,-0.247,-0.316,-0.474,-0.463
1870,1,-0.207,-0.183,-0.309,-0.501,-0.467
1870,2,-0.836,-0.115,-0.303,-0.524,-0.479
1870,3,-2.067,-0.107,-0.298,-0.537,-0.496
1870,4,0.057,-0.071,-0.287,-0.54,-0.499
1870,5,0.255,0.123,-0.319,-0.548,-0.5
1870,6,1.48,0.158,-0.331,-0.553,-0.5
1870,7,0.437,0.078,-0.321,-0.547,-0.498
1870,8,-0.073,0.098,-0.273,-0.546,-0.501
1870,9,0.747,0.25,-0.283,-0.549,-0.501
1870,10,-0.574,0.226,-0.286,-0.55,-0.497
1870,11,1.426,0.261,-0.287,-0.588,-0.506
1870,12,1.252,0.181,-0.296,-0.581,-0.514
1871,1,-1.167,0.139,-0.315,-0.579,-0.513
1871,2,-0.596,0.129,-0.32,-0.578,-0.514
1871,3,-0.246,0.043,-0.307,-0.585,-0.501
1871,4,-0.224,0.075,-0.294,-0.581,-0.495
1871,5,0.667,-0.237,-0.312,-0.579,-0.488
1871,6,0.524,-0.535,-0.319,-0.576,-0.488
1871,7,-0.063,-0.341,-0.359,-0.585,-0.486
1871,8,-0.2,-0.268,-0.37,-0.576,-0.484
1871,9,-0.285,-0.336,-0.371,-0.565,-0.482
1871,10,-0.194,-0.384,-0.382,-0.564,-0.484
1871,11,-2.307,-0.461,-0.374,-0.579,-0.491
1871,12,-2.327,-0.472,-0.37,-0.582,-0.486
1872,1,1.164,-0.434,-0.365,-0.583,-0.478
1872,2,0.274,-0.374,-0.351,-0.54,-0.468
1872,3,-1.065,-0.316,-0.35,-0.531,-0.474
1872,4,-0.791,-0.322,-0.329,-0.517,-0.468
1872,5,-0.261,-0.247,-0.35,-0.494,-0.469
1872,6,0.389,-0.255,-0.361,-0.504,-0.466
1872,7,0.395,-0.446,-0.407,-0.498,-0.467
1872,8,0.522,-0.492,-0.445,-0.495,-0.463
1872,9,0.407,-0.466,-0.452,-0.49,-0.456
1872,10,-0.267,-0.489,-0.482,-0.486,-0.448
1872,11,-1.406,-0.482,-0.505,-0.482,-0.446
1872,12,-2.423,-0.509,-0.541,-0.441,-0.446
1873,1,-1.131,-0.574,-0.551,-0.405,-0.458
1873,2,-0.268,-0.651,-0.55,-0.347,-0.46
1873,3,-0.761,-0.737,-0.564,-0.31,-0.455
1873,4,-1.061,-0.805,-0.571,-0.286,-0.457
1873,5,-0.18,-0.852,-0.659,-0.287,-0.46
1873,6,0.068,-0.717,-0.697,-0.283,-0.459
1873,7,-0.393,-0.754,-0.695,-0.286,-0.461
1873,8,-0.401,-0.792,-0.719,-0.275,-0.458
1873,9,-0.622,-0.847,-0.754,-0.266,-0.455
1873,10,-1.078,-0.893,-0.757,-0.26,-0.45
1873,11,-1.97,-0.798,-0.777,-0.23,-0.459
1873,12,-0.814,-0.805,-0.79,-0.21,-0.463
1874,1,-1.571,-0.775,-0.797,-0.213,-0.467
1874,2,-0.719,-0.746,-0.799,-0.24,-0.484
1874,3,-1.425,-0.633,-0.787,-0.236,-0.492
1874,4,-1.616,-0.521,-0.801,-0.228,-0.489
1874,5,0.971,-0.54,-0.787,-0.232,-0.493
1874,6,-0.023,-0.454,-0.761,-0.229,-0.495
1874,7,-0.028,-0.572,-0.779,-0.23,-0.5
1874,8,-0.055,-0.77,-0.729,-0.227,-0.5
1874,9,0.734,-0.862,-0.722,-0.233,-0.502
1874,10,0.269,-0.87,-0.699,-0.226,-0.506
1874,11,-2.207,-1.046,-0.671,-0.223,-0.509
1874,12,0.219,-1.101,-0.691,-0.267,-0.514
1875,1,-2.988,-1.113,-0.687,-0.268,-0.524
1875,2,-3.092,-1.11,-0.688,-0.285,-0.528
1875,3,-2.53,-1.179,-0.682,-0.295,-0.532
1875,4,-1.709,-1.281,-0.684,-0.313,-0.526
1875,5,-1.138,-1.42,-0.644,-0.317,-0.526
1875,6,-0.688,-1.521,-0.551,-0.326,-0.526
1875,7,-0.175,-1.361,-0.489,-0.327,-0.521
1875,8,-0.014,-1.271,-0.422,-0.335,-0.524
1875,9,-0.094,-1.257,-0.338,-0.343,-0.527
1875,10,-0.959,-1.148,-0.285,-0.339,-0.525
1875,11,-3.871,-1.098,-0.286,-0.365,-0.522
1875,12,-0.988,-1.062,-0.271,-0.397,-0.512
1876,1,-1.078,-1.087,-0.257,-0.396,-0.525
1876,2,-2.011,-1.116,-0.229,-0.397,-0.525
1876,3,-2.352,-1.07,-0.225,-0.383,-0.524
1876,4,-0.409,-1.075,-0.225,-0.384,-0.519
1876,5,-0.537,-0.877,-0.148,-0.386,-0.516
1876,6,-0.25,-0.857,-0.102,-0.39,-0.51
1876,7,-0.481,-0.761,-0.067,-0.388,-0.51
1876,8,-0.36,-0.321,-0.109,-0.384,-0.505
1876,9,0.452,-0.177,-0.101,-0.381,-0.507
1876,10,-1.02,-0.097,-0.074,-0.397,-0.503
1876,11,-1.485,0.068,-0.09,-0.396,-0.507
1876,12,-0.754,0.02,-0.088,-0.373,-0.514
1877,1,0.074,0.113,-0.094,-0.39,-0.532
1877,2,3.268,0.185,-0.103,-0.4,-0.544
1877,3,-0.624,0.209,-0.116,-0.415,-0.547
1877,4,0.554,0.26,-0.124,-0.42,-0.549
1877,5,1.438,0.467,-0.096,-0.422,-0.542
1877,6,-0.827,0.793,-0.174,-0.425,-0.542
1877,7,0.639,1.006,-0.129,-0.435,-0.541
1877,8,0.505,1.045,-0.125,-0.435,-0.545
1877,9,0.74,1.453,-0.138,-0.432,-0.547
1877,10,-0.402,1.583,-0.144,-0.431,-0.553
1877,11,0.992,1.442,-0.128,-0.428,-0.562
1877,12,3.162,1.593,-0.111,-0.416,-0.564
1878,1,2.625,1.579,-0.103,-0.423,-0.565
1878,2,3.736,1.64,-0.12,-0.442,-0.558
1878,3,4.271,1.55,-0.122,-0.442,-0.566
1878,4,2.115,1.492,-0.108,-0.444,-0.572
1878,5,-0.253,1.631,-0.071,-0.446,-0.577
1878,6,0.99,1.528,-0.097,-0.443,-0.58
1878,7,0.46,1.356,-0.097,-0.448,-0.584
1878,8,1.24,0.773,-0.076,-0.45,-0.586
1878,9,-0.339,0.337,-0.013,-0.446,-0.577
1878,10,-1.09,0.163,-0.011,-0.444,-0.571
1878,11,2.656,0.184,0.005,-0.451,-0.568
1878,12,1.93,0.111,0.009,-0.466,-0.56
1879,1,0.554,0.039,0.022,-0.467,-0.553
1879,2,-3.261,-0.115,0.032,-0.491,-0.556
1879,3,-0.958,-0.092,0.025,-0.495,-0.537
1879,4,0.028,-0.014,0.006,-0.486,-0.525
1879,5,-0.001,-0.279,-0.006,-0.496,-0.526
1879,6,0.108,-0.812,0.016,-0.493,-0.525
1879,7,-0.405,-0.882,-0.002,-0.503,-0.525
1879,8,-0.606,-0.85,-0.071,-0.504,-0.521
1879,9,-0.056,-1.047,-0.107,-0.517,-0.526
1879,10,-0.159,-1.22,-0.14,-0.539,-0.525
1879,11,-0.527,-1.237,-0.173,-0.531,-0.522
1879,12,-4.457,-1.216,-0.158,-0.555,-0.532
1880,1,-0.292,-1.159,-0.183,-0.548,-0.543
1880,2,-2.875,-1.192,-0.183,-0.532,-0.554
1880,3,-3.326,-1.205,-0.182,-0.527,-0.554
1880,4,-2.039,-1.202,-0.178,-0.513,-0.565
1880,5,-0.212,-1.296,-0.211,-0.505,-0.574
1880,6,0.366,-1.138,-0.28,-0.499,-0.582
1880,7,0.275,-1.203,-0.357,-0.496,-0.585
1880,8,-1.005,-1.024,-0.463,-0.501,-0.588
1880,9,-0.204,-0.63,-0.546,-0.505,-0.593
1880,10,-0.124,-0.485,-0.603,-0.499,-0.589
1880,11,-1.658,-0.433,-0.606,-0.456,-0.592
1880,12,-2.562,-0.461,-0.615,-0.443,-0.597
1881,1,-1.067,-0.462,-0.639,-0.471,-0.583
1881,2,-0.734,-0.357,-0.67,-0.473,-0.601
1881,3,1.408,-0.335,-0.667,-0.464,-0.603
1881,4,-0.306,-0.506,-0.664,-0.457,-0.599
1881,5,0.417,-0.551,-0.754,-0.454,-0.606
1881,6,0.023,-0.293,-0.829,-0.445,-0.608
1881,7,0.262,-0.285,-0.868,-0.436,-0.611
1881,8,0.262,-0.3,-0.874,-0.435,-0.609
1881,9,0.055,-0.65,-0.89,-0.448,-0.605
1881,10,-2.171,-0.739,-0.897,-0.441,-0.609
1881,11,-2.197,-0.819,-0.901,-0.435,-0.606
1881,12,0.526,-0.817,-0.898,-0.445,-0.589
1882,1,-0.961,-0.908,-0.911,-0.48,-0.592
1882,2,-0.913,-0.889,-0.905,-0.548,-0.594
1882,3,-2.793,-0.83,-0.918,-0.563,-0.59
1882,4,-1.379,-0.661,-0.954,-0.58,-0.592
1882,5,-0.542,-0.561,-0.967,-0.589,-0.595
1882,6,0.044,-0.686,-0.936,-0.579,-0.596
1882,7,-0.832,-0.77,-0.968,-0.584,-0.599
1882,8,0.49,-0.914,-0.94,-0.595,-0.6
1882,9,0.766,-0.739,-0.915,-0.604,-0.6
1882,10,-0.136,-0.734,-0.882,-0.619,-0.595
1882,11,-0.998,-0.723,-0.881,-0.642,-0.601
1882,12,-0.978,-0.693,-0.887,-0.686,-0.588
1883,1,-1.967,-0.703,-0.888,-0.726,-0.587
1883,2,-2.638,-0.796,-0.883,-0.769,-0.595
1883,3,-0.702,-0.872,-0.888,-0.821,-0.597
1883,4,-1.317,-0.938,-0.891,-0.859,-0.606
1883,5,-0.407,-1.083,-0.841,-0.868,-0.605
1883,6,0.403,-1.217,-0.789,-0.877,-0.604
1883,7,-0.955,-1.199,-0.844,-0.882,-0.601
1883,8,-0.625,-1.28,-0.871,-0.897,-0.597
1883,9,-0.147,-1.382,-0.914,-0.888,-0.595
1883,10,-0.926,-1.308,-0.903,-0.882,-0.591
1883,11,-2.739,-1.295,-0.912,-0.907,-0.589
1883,12,-2.579,-1.302,-0.9,-0.91,-0.601
1884,1,-1.754,-1.321,-0.893,-0.894,-0.605
1884,2,-3.615,-1.291,-0.902,-0.872,-0.613
1884,3,-1.925,-1.348,-0.921,-0.838,-0.609
1884,4,-0.426,-1.463,-0.888,-0.823,-0.609
1884,5,-0.25,-1.345,-0.864,-0.82,-0.614
1884,6,0.316,-1.347,-0.906,-0.822,-0.612
1884,7,-1.184,-1.382,-0.959,-0.82,-0.611
1884,8,-0.267,-1.182,-1.024,-0.815,-0.61
1884,9,-0.829,-1.176,-1.018,-0.818,-0.614
1884,10,-2.308,-1.146,-1.021,-0.824,-0.615
1884,11,-1.313,-1.135,-1.005,-0.821,-0.613
1884,12,-2.607,-1.163,-1.001,-0.797,-0.608
1885,1,-2.177,-1.045,-0.985,-0.818,-0.598
1885,2,-1.218,-1.081,-1.007,-0.824,-0.583
1885,3,-1.849,-1.055,-1.026,-0.812,-0.573
1885,4,-0.063,-0.888,-1.061,-0.817,-0.557
1885,5,-0.117,-0.667,-1.072,-0.831,-0.551
1885,6,-0.029,-0.404,-1.092,-0.839,-0.547
1885,7,0.242,-0.587,-1.095,-0.843,-0.548
1885,8,-0.709,-0.68,-1.075,-0.841,-0.551
1885,9,-0.508,-0.625,-1.096,-0.843,-0.553
1885,10,-0.307,-0.586,-1.115,-0.838,-0.553
1885,11,1.335,-0.588,-1.13,-0.818,-0.543
1885,12,0.548,-0.523,-1.139,-0.797,-0.538
1886,1,-4.368,-0.487,-1.126,-0.77,-0.542
1886,2,-2.338,-0.451,-1.125,-0.805,-0.537
1886,3,-1.187,-0.501,-1.11,-0.823,-0.536
1886,4,0.404,-0.488,-1.1,-0.815,-0.54
1886,5,-0.146,-0.666,-1.06,-0.826,-0.539
1886,6,0.761,-0.876,-0.99,-0.826,-0.536
1886,7,0.675,-0.857,-0.921,-0.834,-0.533
1886,8,-0.281,-1.063,-0.87,-0.835,-0.532
1886,9,-1.111,-1.17,-0.787,-0.83,-0.534
1886,10,-0.149,-1.333,-0.748,-0.821,-0.529
1886,11,-0.8,-1.286,-0.738,-0.815,-0.538
1886,12,-1.969,-1.321,-0.745,-0.806,-0.532
1887,1,-4.139,-1.368,-0.729,-0.794,-0.532
1887,2,-4.811,-1.414,-0.724,-0.788,-0.552
1887,3,-2.471,-1.353,-0.718,-0.765,-0.56
1887,4,-1.555,-1.527,-0.694,-0.764,-0.565
1887,5,0.415,-1.599,-0.675,-0.769,-0.571
1887,6,0.337,-1.619,-0.658,-0.768,-0.568
1887,7,0.12,-1.451,-0.668,-0.762,-0.569
1887,8,-0.842,-1.171,-0.708,-0.766,-0.572
1887,9,-0.377,-1.129,-0.709,-0.769,-0.575
1887,10,-2.236,-1.204,-0.751,-0.76,-0.577
1887,11,-1.662,-1.345,-0.782,-0.773,-0.594
1887,12,-2.206,-1.383,-0.79,-0.76,-0.605
1888,1,-2.12,-1.409,-0.798,-0.751,-0.612
1888,2,-1.458,-1.385,-0.798,-0.747,-0.635
1888,3,-1.968,-1.291,-0.798,-0.752,-0.65
1888,4,-2.456,-1.133,-0.785,-0.768,-0.652
1888,5,-1.273,-1.023,-0.795,-0.765,-0.646
1888,6,-0.119,-0.704,-0.804,-0.764,-0.649
1888,7,-0.195,-0.329,-0.696,-0.755,-0.654
1888,8,-0.555,-0.256,-0.739,-0.745,-0.66
1888,9,0.761,0.166,-0.732,-0.743,-0.656
1888,10,-0.347,0.528,-0.727,-0.738,-0.66
1888,11,-0.336,0.665,-0.739,-0.728,-0.685
1888,12,1.615,0.664,-0.753,-0.737,-0.692
1889,1,2.384,0.662,-0.774,-0.743,-0.696
1889,2,-0.578,0.712,-0.767,-0.735,-0.702
1889,3,3.091,0.608,-0.738,-0.722,-0.714
1889,4,1.894,0.566,-0.755,-0.732,-0.715
1889,5,0.362,0.579,-0.766,-0.731,-0.719
1889,6,-0.132,0.313,-0.706,-0.731,-0.722
1889,7,-0.219,-0.114,-0.63,-0.72,-0.721
1889,8,0.045,-0.371,-0.552,-0.715,-0.723
1889,9,-0.481,-0.784,-0.511,-0.71,-0.723
1889,10,-0.859,-1.158,-0.507,-0.69,-0.726
1889,11,-0.172,-1.354,-0.532,-0.694,-0.714
1889,12,-1.584,-1.387,-0.536,-0.662,-0.692
1890,1,-2.74,-1.39,-0.54,-0.647,-0.687
1890,2,-3.652,-1.452,-0.525,-0.634,-0.679
1890,3,-1.875,-1.452,-0.511,-0.62,-0.666
1890,4,-2.595,-1.342,-0.458,-0.6,-0.647
1890,5,-1.991,-1.268,-0.475,-0.597,-0.641
1890,6,-0.518,-1.132,-0.427,-0.596,-0.638
1890,7,-0.262,-0.729,-0.406,-0.6,-0.641
1890,8,-0.698,-0.833,-0.419,-0.6,-0.637
1890,9,-0.481,-0.742,-0.408,-0.602,-0.635
1890,10,0.459,-0.469,-0.421,-0.606,-0.632
1890,11,0.719,-0.375,-0.4,-0.63,-0.633
1890,12,0.05,-0.337,-0.389,-0.632,-0.619
1891,1,2.096,-0.366,-0.384,-0.613,-0.616
1891,2,-4.894,-0.297,-0.365,-0.6,-0.613
1891,3,-0.789,-0.201,-0.377,-0.608,-0.618
1891,4,0.685,-0.336,-0.376,-0.624,-0.613
1891,5,-0.862,-0.521,-0.396,-0.623,-0.611
1891,6,-0.064,-0.387,-0.484,-0.627,-0.612
1891,7,-0.61,-0.527,-0.565,-0.631,-0.613
1891,8,0.13,-0.132,-0.6,-0.628,-0.613
1891,9,0.665,-0.066,-0.657,-0.62,-0.614
1891,10,-1.157,-0.234,-0.715,-0.618,-0.601
1891,11,-1.499,-0.252,-0.725,-0.64,-0.597
1891,12,1.661,-0.236,-0.717,-0.619,-0.592
1892,1,0.409,-0.197,-0.711,-0.583,-0.582
1892,2,-0.152,-0.2,-0.705,-0.557,-0.563
1892,3,-0.002,-0.221,-0.703,-0.557,-0.552
1892,4,-1.326,-0.046,-0.686,-0.549,-0.544
1892,5,-1.074,-0.141,-0.713,-0.553,-0.541
1892,6,0.124,-0.226,-0.666,-0.557,-0.549
1892,7,-0.138,-0.332,-0.627,-0.554,-0.545
1892,8,0.085,-0.505,-0.561,-0.549,-0.546
1892,9,0.417,-0.613,-0.531,-0.546,-0.549
1892,10,0.942,-0.771,-0.45,-0.534,-0.544
1892,11,-2.634,-0.685,-0.412,-0.547,-0.544
1892,12,0.639,-0.65,-0.401,-0.524,-0.547
1893,1,-0.866,-0.629,-0.401,-0.498,-0.533
1893,2,-2.231,-0.589,-0.402,-0.501,-0.521
1893,3,-1.294,-0.62,-0.406,-0.48,-0.517
1893,4,-3.226,-0.722,-0.428,-0.445,-0.513
1893,5,-0.037,-0.631,-0.466,-0.425,-0.515
1893,6,0.548,-0.987,-0.461,-0.422,-0.516
1893,7,0.112,-1.121,-0.531,-0.425,-0.515
1893,8,0.56,-1.158,-0.462,-0.422,-0.514
1893,9,0.047,-1.081,-0.484,-0.425,-0.516
1893,10,-0.286,-0.943,-0.52,-0.438,-0.512
1893,11,-1.537,-0.958,-0.508,-0.462,-0.5
1893,12,-3.633,-0.976,-0.502,-0.474,-0.483
1894,1,-2.474,-0.972,-0.488,-0.498,-0.48
1894,2,-2.679,-0.988,-0.489,-0.532,-0.486
1894,3,-0.373,-1.018,-0.502,-0.59,-0.485
1894,4,-1.559,-0.985,-0.482,-0.607,-0.48
1894,5,-0.22,-1.007,-0.514,-0.618,-0.477
1894,6,0.331,-0.597,-0.533,-0.621,-0.479
1894,7,0.16,-0.423,-0.537,-0.623,-0.477
1894,8,0.361,-0.175,-0.562,-0.631,-0.478
1894,9,-0.309,-0.151,-0.603,-0.628,-0.48
1894,10,0.112,0.166,-0.591,-0.628,-0.471
1894,11,-1.799,0.209,-0.574,-0.607,-0.457
1894,12,1.288,0.192,-0.578,-0.586,-0.447
1895,1,-0.395,0.157,-0.568,-0.557,-0.439
1895,2,0.307,0.065,-0.573,-0.534,-0.437
1895,3,-0.084,0.03,-0.58,-0.519,-0.422
1895,4,2.243,-0.049,-0.61,-0.477,-0.415
1895,5,0.289,-0.028,-0.619,-0.45,-0.411
1895,6,0.128,-0.109,-0.62,-0.438,-0.413
1895,7,-0.252,-0.252,-0.59,-0.438,-0.415
1895,8,-0.751,-0.339,-0.583,-0.433,-0.412
1895,9,-0.729,-0.508,-0.551,-0.426,-0.41
1895,10,-0.837,-0.819,-0.469,-0.425,-0.415
1895,11,-1.547,-0.852,-0.449,-0.448,-0.415
1895,12,0.316,-0.84,-0.455,-0.44,-0.414
1896,1,-2.103,-0.802,-0.467,-0.462,-0.394
1896,2,-0.743,-0.731,-0.478,-0.421,-0.39
1896,3,-2.11,-0.679,-0.472,-0.412,-0.385
1896,4,-1.492,-0.607,-0.501,-0.411,-0.38
1896,5,-0.108,-0.764,-0.528,-0.397,-0.378
1896,6,0.276,-0.746,-0.464,-0.398,-0.379
1896,7,0.2,-0.557,-0.432,-0.393,-0.377
1896,8,0.11,-0.632,-0.464,-0.391,-0.375
1896,9,-0.109,-0.664,-0.523,-0.398,-0.368
1896,10,0.027,-0.59,-0.499,-0.381,-0.364
1896,11,-3.435,-0.582,-0.512,-0.379,-0.359
1896,12,0.538,-0.615,-0.526,-0.377,-0.36
1897,1,0.166,-0.594,-0.534,-0.369,-0.358
1897,2,-1.645,-0.62,-0.557,-0.338,-0.349
1897,3,-2.499,-0.613,-0.554,-0.339,-0.347
1897,4,-0.6,-0.689,-0.57,-0.323,-0.357
1897,5,-0.017,-0.663,-0.501,-0.314,-0.373
1897,6,-0.113,-0.66,-0.507,-0.329,-0.376
1897,7,0.442,-0.595,-0.488,-0.327,-0.381
1897,8,-0.198,-0.612,-0.507,-0.325,-0.381
1897,9,-0.027,-0.353,-0.508,-0.329,-0.382
1897,10,-0.875,-0.162,-0.503,-0.329,-0.372
1897,11,-3.127,-0.063,-0.488,-0.315,-0.364
1897,12,0.566,-0.034,-0.475,-0.334,-0.346
1898,1,0.948,-0.123,-0.475,-0.316,-0.33
1898,2,-1.847,-0.116,-0.464,-0.295,-0.321
1898,3,0.609,-0.079,-0.446,-0.281,-0.324
1898,4,1.694,-0.174,-0.423,-0.259,-0.317
1898,5,1.172,-0.178,-0.43,-0.266,-0.309
1898,6,0.229,-0.205,-0.42,-0.269,-0.31
1898,7,-0.626,-0.331,-0.393,-0.275,-0.306
1898,8,-0.106,-0.562,-0.38,-0.283,-0.306
1898,9,0.41,-0.941,-0.34,-0.289,-0.304
1898,10,-2.008,-1.088,-0.301,-0.285,-0.303
1898,11,-3.175,-1.271,-0.286,-0.272,-0.301
1898,12,0.236,-1.331,-0.295,-0.229,-0.312
1899,1,-0.557,-1.309,-0.297,-0.217,-0.339
1899,2,-4.619,-1.381,-0.293,-0.237,-0.35
1899,3,-3.945,-1.427,-0.294,-0.249,-0.354
1899,4,-0.066,-1.332,-0.28,-0.229,-0.377
1899,5,-1.027,-0.87,-0.244,-0.222,-0.38
1899,6,-0.489,-0.816,-0.222,-0.228,-0.378
1899,7,-0.358,-0.706,-0.202,-0.234,-0.377
1899,8,-0.974,-0.388,-0.114,-0.241,-0.378
1899,9,-0.137,-0.075,-0.075,-0.25,-0.374
1899,10,-0.87,0.144,-0.054,-0.251,-0.371
1899,11,2.365,0.331,-0.054,-0.219,-0.376
1899,12,0.887,0.446,-0.08,-0.232,-0.365
1900,1,0.757,0.452,-0.085,-0.232,-0.345
1900,2,-0.792,0.525,-0.078,-0.239,-0.346
1900,3,-0.188,0.566,-0.077,-0.224,-0.329
1900,4,2.557,0.688,-0.047,-0.229,-0.312
1900,5,1.216,0.324,-0.01,-0.225,-0.305
1900,6,0.894,0.328,-0.049,-0.23,-0.302
1900,7,-0.291,0.223,-0.043,-0.23,-0.3
1900,8,-0.092,0.292,-0.007,-0.225,-0.3
1900,9,0.351,0.332,-0.011,-0.218,-0.301
1900,10,0.597,0.189,-0.048,-0.223,-0.301
1900,11,-2.006,0.157,-0.082,-0.199,-0.301
1900,12,0.938,0.061,-0.083,-0.196,-0.303
1901,1,-0.506,0.092,-0.083,-0.175,-0.331
1901,2,0.031,0.125,-0.087,-0.18,-0.313
1901,3,0.302,0.081,-0.106,-0.162,-0.306
1901,4,0.831,0.106,-0.07,-0.136,-0.31
1901,5,0.832,0.169,-0.015,-0.133,-0.302
1901,6,-0.254,0.244,0.005,-0.131,-0.299
1901,7,0.075,0.402,-0.002,-0.123,-0.297
1901,8,0.309,0.701,-0.01,-0.121,-0.3
1901,9,-0.172,0.66,0.026,-0.115,-0.306
1901,10,0.89,0.645,0.041,-0.11,-0.297
1901,11,-1.246,0.576,0.068,-0.077,-0.299
1901,12,1.841,0.456,0.07,-0.101,-0.298
1902,1,1.384,0.462,0.066,-0.132,-0.307
1902,2,3.614,0.456,0.074,-0.141,-0.299
1902,3,-0.188,0.473,0.054,-0.136,-0.305
1902,4,0.655,0.474,0.068,-0.164,-0.299
1902,5,0.002,0.502,0.063,-0.192,-0.293
1902,6,-1.694,0.205,0.043,-0.195,-0.292
1902,7,0.147,0.197,0.024,-0.207,-0.298
1902,8,0.243,-0.078,0.029,-0.214,-0.301
1902,9,0.024,-0.031,0.061,-0.219,-0.303
1902,10,0.908,-0.13,0.045,-0.209,-0.305
1902,11,-0.907,-0.201,0.037,-0.18,-0.287
1902,12,-1.734,-0.048,0.014,-0.168,-0.286
1903,1,1.297,-0.109,0.015,-0.161,-0.293
1903,2,0.315,-0.161,0.015,-0.141,-0.291
1903,3,0.371,-0.222,0.011,-0.169,-0.297
1903,4,-0.53,-0.285,-0.023,-0.19,-0.281
1903,5,-0.848,-0.201,0.033,-0.193,-0.284
1903,6,0.139,0.064,0.028,-0.199,-0.286
1903,7,-0.589,-0.124,0.043,-0.187,-0.29
1903,8,-0.382,-0.577,0.02,-0.19,-0.294
1903,9,-0.699,-0.754,0.017,-0.184,-0.297
1903,10,0.153,-0.641,0.03,-0.167,-0.301
1903,11,0.089,-0.523,0.019,-0.14,-0.292
1903,12,1.457,-0.565,0.033,-0.151,-0.266
1904,1,-0.966,-0.567,0.05,-0.179,-0.257
1904,2,-5.116,-0.574,0.051,-0.169,-0.269
1904,3,-1.761,-0.628,0.064,-0.118,-0.27
1904,4,0.828,-0.642,0.06,-0.148,-0.268
1904,5,0.572,-0.481,0.09,-0.141,-0.268
1904,6,-0.362,-0.625,0.02,-0.134,-0.271
1904,7,-0.613,-0.577,-0.063,-0.132,-0.273
1904,8,-0.466,-0.193,-0.168,-0.125,-0.276
1904,9,-1.355,0.099,-0.197,-0.12,-0.274
1904,10,-0.01,0.163,-0.273,-0.113,-0.269
1904,11,2.024,0.176,-0.33,-0.145,-0.263
1904,12,-0.271,0.165,-0.309,-0.143,-0.272
1905,1,-0.389,0.2,-0.329,-0.133,-0.265
1905,2,-0.514,0.228,-0.35,-0.159,-0.259
1905,3,1.74,0.35,-0.36,-0.139,-0.251
1905,4,1.597,0.231,-0.371,-0.148,-0.244
1905,5,0.731,0.175,-0.35,-0.161,-0.243
1905,6,-0.497,0.249,-0.288,-0.166,-0.248
1905,7,-0.193,0.316,-0.28,-0.163,-0.25
1905,8,-0.129,0.248,-0.276,-0.167,-0.244
1905,9,0.106,0.112,-0.327,-0.175,-0.243
1905,10,-1.43,0.112,-0.331,-0.177,-0.241
1905,11,1.349,0.069,-0.305,-0.155,-0.23
1905,12,0.621,0.158,-0.314,-0.165,-0.221
1906,1,0.409,0.266,-0.292,-0.2,-0.219
1906,2,-1.331,0.304,-0.293,-0.204,-0.22
1906,3,0.117,0.347,-0.261,-0.2,-0.218
1906,4,1.586,0.522,-0.265,-0.209,-0.206
1906,5,0.215,0.454,-0.265,-0.207,-0.204
1906,6,0.573,0.204,-0.307,-0.201,-0.205
1906,7,1.11,-0.126,-0.357,-0.202,-0.205
1906,8,0.325,-0.241,-0.327,-0.209,-0.206
1906,9,0.62,-0.41,-0.262,-0.213,-0.205
1906,10,0.673,-0.868,-0.337,-0.213,-0.208
1906,11,0.527,-1.172,-0.351,-0.219,-0.191
1906,12,-2.372,-1.253,-0.339,-0.218,-0.199
1907,1,-3.556,-1.433,-0.329,-0.246,-0.208
1907,2,-2.714,-1.549,-0.325,-0.261,-0.214
1907,3,-1.907,-1.648,-0.293,-0.27,-0.204
1907,4,-3.903,-1.681,-0.295,-0.275,-0.206
1907,5,-3.436,-1.698,-0.352,-0.271,-0.214
1907,6,-0.399,-1.334,-0.33,-0.255,-0.22
1907,7,-1.057,-0.888,-0.29,-0.269,-0.221
1907,8,-1.057,-0.616,-0.347,-0.278,-0.222
1907,9,-0.571,-0.679,-0.338,-0.277,-0.219
1907,10,0.274,-0.421,-0.342,-0.281,-0.223
1907,11,0.323,-0.075,-0.359,-0.259,-0.204
1907,12,1.999,-0.077,-0.346,-0.237,-0.235
1908,1,1.797,0.072,-0.341,-0.269,-0.242
1908,2,0.543,0.127,-0.348,-0.287,-0.247
1908,3,-2.665,0.273,-0.36,-0.314,-0.255
1908,4,-0.8,0.247,-0.331,-0.303,-0.265
1908,5,0.711,0.225,-0.342,-0.303,-0.279
1908,6,-0.426,-0.03,-0.358,-0.302,-0.288
1908,7,0.735,-0.509,-0.443,-0.305,-0.292
1908,8,-0.395,-0.833,-0.429,-0.306,-0.294
1908,9,1.176,-0.431,-0.418,-0.306,-0.295
1908,10,-0.04,-0.671,-0.448,-0.317,-0.289
1908,11,0.064,-0.752,-0.433,-0.313,-0.274
1908,12,-1.064,-0.685,-0.434,-0.303,-0.27
1909,1,-3.952,-0.752,-0.454,-0.298,-0.257
1909,2,-3.342,-0.735,-0.468,-0.3,-0.24
1909,3,2.16,-0.789,-0.49,-0.291,-0.233
1909,4,-3.676,-0.791,-0.486,-0.308,-0.231
1909,5,-0.261,-0.917,-0.528,-0.313,-0.225
1909,6,0.372,-0.74,-0.455,-0.314,-0.222
1909,7,-0.063,-0.241,-0.429,-0.312,-0.22
1909,8,-0.195,-0.292,-0.353,-0.312,-0.213
1909,9,0.532,-0.283,-0.343,-0.298,-0.21
1909,10,-0.072,0.138,-0.277,-0.286,-0.218
1909,11,-1.447,0.135,-0.212,-0.306,-0.239
1909,12,1.061,0.127,-0.201,-0.312,-0.247
1910,1,2.035,0.144,-0.209,-0.298,-0.256
1910,2,-3.949,0.111,-0.205,-0.279,-0.239
1910,3,2.269,0.016,-0.194,-0.278,-0.241
1910,4,1.377,0.05,-0.192,-0.26,-0.257
1910,5,-0.302,0.225,-0.168,-0.26,-0.263
1910,6,0.275,0.112,-0.186,-0.266,-0.269
1910,7,0.141,-0.453,-0.259,-0.269,-0.267
1910,8,-0.593,-0.161,-0.298,-0.264,-0.264
1910,9,-0.605,-0.285,-0.301,-0.269,-0.263
1910,10,0.334,-0.417,-0.276,-0.259,-0.263
1910,11,0.659,-0.304,-0.3,-0.262,-0.254
1910,12,-0.296,-0.283,-0.29,-0.246,-0.256
1911,1,-4.743,-0.3,-0.317,-0.262,-0.25
1911,2,-0.441,-0.295,-0.32,-0.26,-0.25
1911,3,0.769,-0.302,-0.35,-0.275,-0.257
1911,4,-0.204,-0.251,-0.369,-0.276,-0.258
1911,5,1.062,-0.473,-0.361,-0.274,-0.259
1911,6,0.525,-0.283,-0.299,-0.28,-0.252
1911,7,-0.068,-0.052,-0.239,-0.287,-0.248
1911,8,-0.531,0.137,-0.273,-0.291,-0.252
1911,9,-0.695,-0.037,-0.32,-0.294,-0.251
1911,10,0.948,-0.016,-0.279,-0.306,-0.251
1911,11,-1.999,-0.064,-0.276,-0.304,-0.253
1911,12,1.981,-0.089,-0.29,-0.298,-0.255
1912,1,-1.974,-0.208,-0.295,-0.284,-0.256
1912,2,1.835,-0.231,-0.299,-0.286,-0.288
1912,3,-1.322,-0.168,-0.302,-0.271,-0.291
1912,4,0.043,-0.213,-0.278,-0.249,-0.293
1912,5,0.486,0.098,-0.26,-0.236,-0.292
1912,6,0.233,0.012,-0.294,-0.245,-0.289
1912,7,-1.505,-0.04,-0.306,-0.235,-0.292
1912,8,-0.805,-0.341,-0.211,-0.231,-0.294
1912,9,0.062,-0.467,-0.218,-0.219,-0.295
1912,10,0.404,-0.413,-0.178,-0.237,-0.302
1912,11,1.734,-0.518,-0.161,-0.228,-0.294
1912,12,0.956,-0.522,-0.185,-0.301,-0.298
1913,1,-2.6,-0.468,-0.198,-0.323,-0.31
1913,2,-1.785,-0.449,-0.179,-0.353,-0.318
1913,3,-2.831,-0.506,-0.177,-0.342,-0.34
1913,4,0.695,-0.638,-0.186,-0.34,-0.343
1913,5,-0.77,-0.74,-0.181,-0.365,-0.342
1913,6,0.181,-0.598,-0.134,-0.378,-0.339
1913,7,-0.857,-0.407,-0.08,-0.396,-0.336
1913,8,-0.583,-0.711,-0.091,-0.398,-0.338
1913,9,-0.616,-0.525,-0.131,-0.406,-0.333
1913,10,-1.182,-0.686,-0.105,-0.411,-0.326
1913,11,0.514,-0.628,-0.114,-0.407,-0.313
1913,12,2.659,-0.682,-0.126,-0.389,-0.315
1914,1,-0.314,-0.642,-0.119,-0.335,-0.314
1914,2,-5.425,-0.628,-0.114,-0.312,-0.288
1914,3,-0.607,-0.549,-0.098,-0.349,-0.263
1914,4,-1.23,-0.338,-0.126,-0.314,-0.27
1914,5,-0.073,-0.412,-0.081,-0.308,-0.272
1914,6,-0.474,-0.711,-0.14,-0.309,-0.273
1914,7,-0.378,-0.579,-0.139,-0.309,-0.272
1914,8,-0.406,0.021,-0.219,-0.3,-0.271
1914,9,0.333,0.227,-0.2,-0.299,-0.265
1914,10,1.348,0.644,-0.22,-0.323,-0.261
1914,11,-0.372,0.706,-0.259,-0.332,-0.269
1914,12,-0.938,0.648,-0.288,-0.351,-0.279
1915,1,1.274,0.627,-0.261,-0.379,-0.291
1915,2,1.773,0.71,-0.257,-0.319,-0.299
1915,3,1.872,0.641,-0.244,-0.344,-0.307
1915,4,3.763,0.509,-0.283,-0.366,-0.31
1915,5,0.681,0.62,-0.287,-0.365,-0.313
1915,6,-1.171,0.911,-0.415,-0.371,-0.311
1915,7,-0.63,0.676,-0.386,-0.371,-0.31
1915,8,0.583,0.439,-0.408,-0.362,-0.308
1915,9,-0.491,0.146,-0.384,-0.352,-0.308
1915,10,-0.234,-0.053,-0.404,-0.349,-0.312
1915,11,0.958,-0.068,-0.43,-0.354,-0.318
1915,12,2.558,0.016,-0.465,-0.347,-0.305
1916,1,-1.551,0.094,-0.476,-0.299,-0.295
1916,2,-1.066,0.03,-0.475,-0.295,-0.287
1916,3,-1.652,0.089,-0.462,-0.313,-0.285
1916,4,1.378,0.049,-0.452,-0.308,-0.295
1916,5,0.505,0.03,-0.453,-0.31,-0.296
1916,6,-0.161,-0.315,-0.48,-0.304,-0.301
1916,7,0.301,-0.345,-0.431,-0.295,-0.307
1916,8,-0.19,-0.504,-0.351,-0.295,-0.311
1916,9,0.228,-0.379,-0.378,-0.289,-0.318
1916,10,-0.724,-0.594,-0.349,-0.289,-0.318
1916,11,0.737,-0.79,-0.341,-0.287,-0.324
1916,12,-1.586,-0.901,-0.329,-0.292,-0.317
1917,1,-1.904,-0.914,-0.322,-0.266,-0.298
1917,2,-2.975,-0.945,-0.302,-0.316,-0.289
1917,3,-0.163,-0.898,-0.297,-0.312,-0.274
1917,4,-1.193,-0.997,-0.369,-0.311,-0.261
1917,5,-1.851,-0.935,-0.404,-0.313,-0.251
1917,6,-1.498,-1.363,-0.408,-0.322,-0.252
1917,7,0.153,-1.278,-0.453,-0.315,-0.247
1917,8,-0.568,-1.288,-0.428,-0.31,-0.243
1917,9,0.799,-1.387,-0.471,-0.312,-0.239
1917,10,-1.917,-1.332,-0.555,-0.322,-0.236
1917,11,1.484,-1.369,-0.57,-0.33,-0.249
1917,12,-6.73,-1.408,-0.557,-0.36,-0.27
1918,1,-0.874,-1.543,-0.543,-0.351,-0.268
1918,2,-3.094,-1.544,-0.545,-0.35,-0.263
1918,3,-1.353,-1.595,-0.526,-0.367,-0.25
1918,4,-0.532,-1.485,-0.512,-0.382,-0.258
1918,5,-2.297,-1.569,-0.527,-0.38,-0.259
1918,6,-1.967,-0.92,-0.56,-0.375,-0.256
1918,7,-1.473,-0.632,-0.518,-0.367,-0.258
1918,8,-0.573,-0.424,-0.499,-0.37,-0.258
1918,9,0.179,-0.499,-0.495,-0.36,-0.263
1918,10,-0.594,-0.409,-0.51,-0.335,-0.264
1918,11,0.48,-0.185,-0.506,-0.314,-0.253
1918,12,1.06,0,-0.483,-0.327,-0.232
1919,1,2.578,0.124,-0.47,-0.331,-0.215
1919,2,-0.599,0.241,-0.477,-0.275,-0.205
1919,3,-2.249,0.278,-0.479,-0.236,-0.215
1919,4,0.55,0.081,-0.452,-0.232,-0.204
1919,5,0.387,-0.168,-0.493,-0.231,-0.209
1919,6,0.251,-0.355,-0.444,-0.232,-0.214
1919,7,0.022,-0.686,-0.393,-0.231,-0.217
1919,8,0.826,-0.363,-0.412,-0.231,-0.216
1919,9,0.617,-0.234,-0.424,-0.231,-0.219
1919,10,-2.947,-0.389,-0.402,-0.236,-0.213
1919,11,-2.512,-0.437,-0.367,-0.233,-0.209
1919,12,-1.189,-0.494,-0.356,-0.246,-0.221
1920,1,-1.384,-0.477,-0.369,-0.284,-0.234
1920,2,3.27,-0.504,-0.363,-0.32,-0.219
1920,3,-0.698,-0.506,-0.379,-0.337,-0.224
1920,4,-1.307,-0.208,-0.36,-0.361,-0.229
1920,5,-0.19,0.008,-0.372,-0.367,-0.228
1920,6,-0.441,0.153,-0.304,-0.356,-0.225
1920,7,0.236,0.351,-0.315,-0.351,-0.223
1920,8,0.493,0.084,-0.291,-0.353,-0.217
1920,9,0.602,0.023,-0.35,-0.348,-0.213
1920,10,0.619,0.172,-0.36,-0.365,-0.216
1920,11,0.081,0.25,-0.331,-0.374,-0.213
1920,12,0.554,0.389,-0.284,-0.365,-0.197
1921,1,0.999,0.461,-0.259,-0.328,-0.163
1921,2,0.067,0.369,-0.264,-0.314,-0.145
1921,3,-1.431,0.327,-0.257,-0.296,-0.149
1921,4,0.476,0.348,-0.217,-0.315,-0.144
1921,5,0.744,0.197,-0.174,-0.319,-0.149
1921,6,1.225,0.265,-0.174,-0.322,-0.149
1921,7,1.106,0.281,-0.23,-0.327,-0.144
1921,8,-0.609,-0.071,-0.199,-0.33,-0.141
1921,9,0.094,-0.026,-0.093,-0.342,-0.133
1921,10,0.877,-0.051,-0.116,-0.33,-0.13
1921,11,-1.734,-0.092,-0.121,-0.343,-0.115
1921,12,1.361,-0.266,-0.135,-0.335,-0.114
1922,1,1.196,-0.411,-0.139,-0.311,-0.101
1922,2,-4.158,-0.378,-0.16,-0.291,-0.119
1922,3,-0.891,-0.4,-0.166,-0.277,-0.119
1922,4,0.172,-0.538,-0.104,-0.273,-0.117
1922,5,0.256,-0.328,-0.061,-0.267,-0.113
1922,6,-0.86,-0.664,-0.083,-0.259,-0.113
1922,7,-0.631,-0.891,-0.116,-0.258,-0.107
1922,8,-0.22,-0.683,-0.212,-0.255,-0.099
1922,9,-0.17,-1.017,-0.203,-0.258,-0.095
1922,10,-0.781,-1.126,-0.166,-0.236,-0.099
1922,11,0.792,-1.193,-0.164,-0.271,-0.118
1922,12,-2.673,-1.05,-0.155,-0.239,-0.126
1923,1,-1.527,-0.995,-0.158,-0.213,-0.117
1923,2,-1.663,-1.047,-0.161,-0.173,-0.118
1923,3,-4.897,-0.984,-0.17,-0.158,-0.106
1923,4,-1.137,-0.768,-0.218,-0.177,-0.111
1923,5,-0.548,-0.581,-0.221,-0.153,-0.107
1923,6,0.858,-0.27,-0.17,-0.134,-0.111
1923,7,0.031,-0.206,-0.138,-0.119,-0.109
1923,8,-0.852,0.039,-0.129,-0.119,-0.103
1923,9,0.586,0.786,-0.097,-0.12,-0.099
1923,10,1.817,0.813,-0.119,-0.117,-0.1
1923,11,3.032,0.867,-0.132,-0.099,-0.116
1923,12,1.064,0.744,-0.161,-0.074,-0.155
1924,1,-0.762,0.724,-0.184,-0.095,-0.154
1924,2,1.27,0.76,-0.184,-0.097,-0.133
1924,3,4.071,0.733,-0.205,-0.082,-0.136
1924,4,-0.815,0.647,-0.208,-0.094,-0.129
1924,5,0.106,0.4,-0.193,-0.109,-0.128
1924,6,-0.617,0.101,-0.227,-0.118,-0.128
1924,7,-0.216,-0.116,-0.23,-0.126,-0.128
1924,8,-0.423,-0.428,-0.17,-0.133,-0.131
1924,9,0.274,-0.783,-0.13,-0.139,-0.137
1924,10,0.782,-0.637,-0.144,-0.103,-0.141
1924,11,0.063,-0.65,-0.168,-0.085,-0.135
1924,12,-2.525,-0.592,-0.161,-0.09,-0.134
1925,1,-3.359,-0.572,-0.148,-0.089,-0.156
1925,2,-2.472,-0.507,-0.147,-0.118,-0.154
1925,3,-0.196,-0.528,-0.136,-0.103,-0.17
1925,4,0.934,-0.778,-0.111,-0.092,-0.19
1925,5,-0.043,-0.794,-0.17,-0.09,-0.195
1925,6,0.071,-0.281,-0.174,-0.079,-0.19
1925,7,0.032,0.24,-0.111,-0.076,-0.184
1925,8,0.359,0.498,-0.055,-0.073,-0.188
1925,9,0.022,0.558,0.034,-0.074,-0.185
1925,10,-2.219,0.407,0.007,-0.083,-0.189
1925,11,-0.133,0.409,0.026,-0.073,-0.206
1925,12,3.636,0.357,0.016,-0.047,-0.214
1926,1,2.888,0.335,0.021,-0.026,-0.216
1926,2,0.62,0.253,0.027,0.004,-0.234
1926,3,0.523,0.153,0.017,0.016,-0.221
1926,4,-0.868,0.398,-0.018,0.019,-0.234
1926,5,-0.029,0.336,-0.024,0.011,-0.238
1926,6,-0.55,-0.02,0.027,0.007,-0.237
1926,7,-0.228,-0.179,0.04,0.006,-0.235
1926,8,-0.622,-0.276,0.004,0.014,-0.234
1926,9,-1.18,-0.192,-0.07,0.023,-0.237
1926,10,0.718,-0.179,-0.071,0.029,-0.242
1926,11,-0.879,-0.271,-0.097,0.057,-0.25
1926,12,-0.637,-0.266,-0.101,0.063,-0.25
1927,1,0.982,-0.232,-0.113,0.064,-0.248
1927,2,-0.539,-0.192,-0.105,0.078,-0.236
1927,3,1.534,-0.057,-0.112,0.074,-0.228
1927,4,-0.719,-0.053,-0.103,0.077,-0.218
1927,5,-1.133,-0.209,-0.109,0.086,-0.205
1927,6,-0.49,-0.401,-0.098,0.097,-0.194
1927,7,0.178,-0.293,-0.062,0.1,-0.193
1927,8,-0.134,-0.108,-0.025,0.112,-0.191
1927,9,0.436,-0.2,-0.003,0.122,-0.191
1927,10,0.768,-0.369,-0.019,0.123,-0.181
1927,11,-2.75,-0.226,-0.017,0.094,-0.186
1927,12,-2.948,-0.162,-0.003,0.107,-0.164
1928,1,2.285,-0.147,0.006,0.116,-0.154
1928,2,1.676,-0.181,0.015,0.115,-0.149
1928,3,0.43,-0.218,0.022,0.155,-0.136
1928,4,-2.74,-0.303,0.051,0.161,-0.137
1928,5,0.573,0.145,0.076,0.166,-0.123
1928,6,0.284,0.736,0.076,0.154,-0.112
1928,7,0.351,0.545,0.086,0.15,-0.102
1928,8,-0.533,0.333,0.138,0.164,-0.099
1928,9,-0.013,0.265,0.128,0.162,-0.089
1928,10,-0.247,0.422,0.157,0.135,-0.077
1928,11,2.62,0.254,0.154,0.083,-0.078
1928,12,4.15,0.158,0.176,0.018,-0.073
1929,1,-0.009,0.05,0.195,0.023,-0.076
1929,2,-0.869,0.1,0.212,0.01,-0.092
1929,3,-0.382,0.091,0.25,-0.037,-0.095
1929,4,-0.859,0.221,0.265,-0.025,-0.093
1929,5,-1.443,-0.025,0.308,-0.024,-0.092
1929,6,-0.871,-0.522,0.353,-0.024,-0.095
1929,7,-0.944,-0.623,0.358,-0.024,-0.093
1929,8,0.064,-0.571,0.325,-0.031,-0.095
1929,9,-0.116,-0.448,0.278,-0.042,-0.099
1929,10,1.309,-0.375,0.299,-0.046,-0.095
1929,11,-0.333,-0.251,0.34,-0.038,-0.079
1929,12,-1.811,-0.104,0.355,-0.022,-0.055
1930,1,-1.22,0.026,0.348,-0.029,-0.032
1930,2,-0.251,0.094,0.37,0.012,-0.039
1930,3,1.094,0.142,0.38,-0.003,-0.028
1930,4,0.025,-0.006,0.356,-0.02,-0.017
1930,5,0.045,0.132,0.357,-0.024,-0.014
1930,6,0.891,0.587,0.388,-0.024,-0.016
1930,7,0.615,0.977,0.343,-0.018,-0.016
1930,8,0.882,1.31,0.284,-0.023,-0.017
1930,9,0.463,1.214,0.275,-0.022,-0.01
1930,10,-0.473,1.284,0.315,-0.012,-0.008
1930,11,1.32,1.266,0.305,-0.038,-0.016
1930,12,3.658,1.252,0.291,-0.062,-0.016
1931,1,3.46,1.279,0.279,-0.103,-0.015
1931,2,3.741,1.238,0.301,-0.154,-0.002
1931,3,-0.059,1.293,0.306,-0.145,0.009
1931,4,0.864,1.467,0.287,-0.154,0.01
1931,5,-0.173,1.497,0.19,-0.157,0.008
1931,6,0.731,1.366,0.009,-0.152,0.006
1931,7,0.93,1.185,0.007,-0.144,0.006
1931,8,0.394,0.663,0.016,-0.138,0.006
1931,9,1.123,0.557,-0.003,-0.132,0.001
1931,10,1.615,0.533,0.021,-0.155,-0.005
1931,11,1.676,0.656,0.049,-0.157,-0.001
1931,12,2.085,0.631,0.053,-0.165,-0.004
1932,1,1.292,0.53,0.064,-0.185,0.007
1932,2,-2.529,0.6,0.043,-0.181,0.027
1932,3,-1.327,0.589,0.028,-0.18,0.046
1932,4,0.58,0.401,0.012,-0.163,0.048
1932,5,1.304,0.036,0.033,-0.143,0.05
1932,6,0.433,-0.228,0.053,-0.13,0.054
1932,7,-0.282,-0.372,0.005,-0.127,0.056
1932,8,1.225,-0.314,0.049,-0.127,0.057
1932,9,1.003,-0.211,-0.002,-0.125,0.058
1932,10,-0.644,-0.289,-0.021,-0.126,0.069
1932,11,-2.71,-0.398,-0.03,-0.102,0.06
1932,12,-1.076,-0.482,-0.045,-0.088,0.062
1933,1,-0.44,-0.493,-0.042,-0.096,0.065
1933,2,-1.828,-0.526,-0.061,-0.125,0.076
1933,3,-0.091,-0.584,-0.067,-0.113,0.085
1933,4,-0.366,-0.65,-0.076,-0.097,0.091
1933,5,-0.001,-0.691,-0.151,-0.093,0.09
1933,6,-0.57,-1.16,-0.201,-0.09,0.084
1933,7,-0.411,-1.134,-0.292,-0.084,0.085
1933,8,0.825,-1.009,-0.445,-0.079,0.089
1933,9,0.302,-1.125,-0.419,-0.058,0.089
1933,10,-1.433,-1.045,-0.465,-0.037,0.091
1933,11,-3.2,-1.03,-0.468,-0.057,0.091
1933,12,-6.707,-1.032,-0.481,-0.073,0.095
1934,1,-0.13,-1.02,-0.483,-0.056,0.12
1934,2,-0.33,-1.193,-0.487,-0.087,0.115
1934,3,-1.484,-1.3,-0.513,-0.109,0.094
1934,4,0.593,-1.155,-0.575,-0.093,0.107
1934,5,0.185,-0.806,-0.622,-0.075,0.109
1934,6,-0.591,-0.299,-0.683,-0.071,0.113
1934,7,-0.272,-0.632,-0.728,-0.061,0.113
1934,8,-1.244,-0.404,-0.688,-0.056,0.116
1934,9,-0.983,-0.447,-0.637,-0.059,0.12
1934,10,0.308,-0.586,-0.625,-0.087,0.121
1934,11,0.98,-0.645,-0.626,-0.074,0.126
1934,12,-0.623,-0.597,-0.615,-0.02,0.145
1935,1,-4.122,-0.508,-0.602,0.025,0.168
1935,2,2.41,-0.423,-0.624,0.041,0.185
1935,3,-2.003,-0.335,-0.629,0.047,0.201
1935,4,-1.076,-0.446,-0.607,0.058,0.186
1935,5,-0.523,-0.791,-0.561,0.063,0.181
1935,6,-0.021,-0.683,-0.564,0.047,0.177
1935,7,0.803,-0.508,-0.534,0.044,0.176
1935,8,-0.23,-1.163,-0.533,0.038,0.176
1935,9,0.073,-0.867,-0.502,0.055,0.173
1935,10,-1.015,-0.936,-0.51,0.066,0.184
1935,11,-3.164,-0.924,-0.492,0.041,0.175
1935,12,0.672,-0.924,-0.471,0.014,0.156
1936,1,-2.025,-0.926,-0.447,-0.003,0.145
1936,2,-5.445,-0.893,-0.46,-0.008,0.133
1936,3,1.549,-0.937,-0.422,0.002,0.147
1936,4,-1.905,-1.026,-0.361,0.001,0.153
1936,5,-0.383,-0.856,-0.303,0.005,0.154
1936,6,-0.017,-1.046,-0.155,0.004,0.154
1936,7,0.779,-0.994,-0.119,0.006,0.153
1936,8,0.166,-0.549,-0.189,-0.002,0.156
1936,9,-0.458,-0.537,-0.214,-0.021,0.163
1936,10,-2.084,-0.268,-0.207,-0.039,0.159
1936,11,-1.116,-0.134,-0.199,-0.059,0.158
1936,12,-1.617,-0.042,-0.196,-0.071,0.154
1937,1,-1.4,-0.065,-0.186,-0.051,0.154
1937,2,-0.106,-0.084,-0.156,-0.024,0.162
1937,3,1.7,0.01,-0.146,0.018,0.167
1937,4,1.319,0.239,-0.185,0.018,0.161
1937,5,1.225,0.34,-0.181,0.014,0.16
1937,6,1.093,0.369,-0.093,0.012,0.158
1937,7,0.499,0.599,0.046,0.013,0.159
1937,8,-0.057,0.458,0.033,0.002,0.157
1937,9,0.667,0.467,0.097,-0.006,0.154
1937,10,0.665,0.287,0.136,0.016,0.161
1937,11,0.093,0.271,0.156,0.026,0.181
1937,12,-1.273,0.24,0.139,0.017,0.204
1938,1,1.364,0.284,0.13,0.013,0.205
1938,2,-1.799,0.293,0.137,0.037,0.186
1938,3,1.809,0.45,0.177,0.016,0.173
1938,4,-0.84,0.582,0.209,0.021,0.173
1938,5,1.037,0.597,0.232,0.014,0.174
1938,6,0.719,0.886,0.23,0.014,0.176
1938,7,1.027,0.942,0.286,0.02,0.178
1938,8,0.052,0.711,0.429,0.014,0.183
1938,9,2.553,0.311,0.423,0.017,0.189
1938,10,2.243,0.469,0.466,0.047,0.197
1938,11,0.271,0.438,0.477,0.099,0.194
1938,12,2.195,0.343,0.489,0.172,0.172
1939,1,2.044,0.286,0.494,0.218,0.174
1939,2,-4.576,0.329,0.483,0.22,0.16
1939,3,-2.987,0.082,0.472,0.225,0.167
1939,4,1.056,-0.273,0.498,0.238,0.176
1939,5,0.656,-0.194,0.503,0.243,0.179
1939,6,-0.42,0.012,0.541,0.249,0.181
1939,7,0.348,0.191,0.627,0.251,0.184
1939,8,0.561,0.71,0.639,0.264,0.187
1939,9,-0.402,1.111,0.673,0.281,0.19
1939,10,-2.021,1.127,0.66,0.288,0.184
1939,11,1.219,1.127,0.655,0.289,0.194
1939,12,4.663,1.076,0.638,0.312,0.199
1940,1,4.196,1.072,0.628,0.365,0.184
1940,2,1.646,1.041,0.628,0.358,0.175
1940,3,1.827,1.278,0.618,0.404,0.171
1940,4,1.251,1.521,0.639,0.393,0.163
1940,5,0.656,1.273,0.613,0.386,0.163
1940,6,-1.031,0.929,0.599,0.379,0.158
1940,7,0.296,0.69,0.56,0.37,0.153
1940,8,0.193,0.816,0.608,0.375,0.145
1940,9,2.448,0.761,0.533,0.368,0.146
1940,10,0.892,0.715,0.552,0.381,0.143
1940,11,-1.756,0.685,0.52,0.388,0.13
1940,12,0.525,0.826,0.5,0.375,0.121
1941,1,1.328,0.895,0.487,0.394,0.104
1941,2,3.158,0.836,0.489,0.42,0.085
1941,3,1.174,0.539,0.456,0.44,0.083
1941,4,0.698,0.42,0.456,0.46,0.083
1941,5,0.294,0.498,0.501,0.464,0.088
1941,6,0.659,0.51,0.498,0.46,0.083
1941,7,1.129,0.713,0.554,0.45,0.079
1941,8,-0.519,0.501,0.629,0.45,0.078
1941,9,-1.115,0.716,0.665,0.458,0.075
1941,10,-0.533,0.703,0.683,0.473,0.062
1941,11,-0.823,0.753,0.684,0.473,0.051
1941,12,0.675,0.707,0.695,0.474,0.031
1942,1,3.757,0.602,0.688,0.493,0.018
1942,2,0.614,0.642,0.684,0.505,0.032
1942,3,3.751,0.741,0.707,0.514,0.042
1942,4,0.549,0.947,0.761,0.485,0.051
1942,5,0.887,0.889,0.76,0.463,0.053
1942,6,0.114,0.658,0.716,0.447,0.053
1942,7,-0.132,0.265,0.684,0.445,0.055
1942,8,-0.045,0.304,0.682,0.44,0.049
1942,9,0.072,-0.233,0.711,0.433,0.045
1942,10,1.946,-0.256,0.649,0.449,0.047
1942,11,-1.521,-0.4,0.617,0.465,0.067
1942,12,-2.102,-0.453,0.618,0.496,0.091
1943,1,-0.948,-0.421,0.609,0.505,0.091
1943,2,1.076,-0.404,0.612,0.496,0.112
1943,3,-2.695,-0.358,0.559,0.459,0.119
1943,4,0.28,-0.338,0.553,0.443,0.131
1943,5,-0.845,0.04,0.544,0.441,0.132
1943,6,-0.524,0.382,0.52,0.441,0.133
1943,7,0.249,0.912,0.503,0.44,0.134
1943,8,0.165,0.814,0.41,0.445,0.134
1943,9,0.622,0.971,0.457,0.436,0.134
1943,10,2.19,1.124,0.453,0.43,0.144
1943,11,3.006,1.256,0.451,0.445,0.168
1943,12,2.01,1.318,0.431,0.417,0.199
1944,1,5.414,1.291,0.405,0.404,0.183
1944,2,-0.104,1.303,0.418,0.406,0.197
1944,3,-0.812,1.337,0.443,0.442,0.206
1944,4,2.119,1.253,0.447,0.444,0.188
1944,5,0.738,1.099,0.444,0.432,0.186
1944,6,0.216,1.102,0.406,0.433,0.189
1944,7,-0.077,0.839,0.359,0.428,0.192
1944,8,0.319,0.976,0.371,0.43,0.201
1944,9,1.03,1.343,0.354,0.439,0.207
1944,10,1.179,0.96,0.31,0.455,0.209
1944,11,1.155,0.79,0.271,0.462,0.214
1944,12,2.045,0.694,0.255,0.419,0.225
1945,1,2.261,0.68,0.262,0.342,0.253
1945,2,1.538,0.684,0.253,0.309,0.238
1945,3,3.593,0.535,0.248,0.294,0.235
1945,4,-2.472,0.481,0.258,0.269,0.245
1945,5,-1.301,0.197,0.317,0.263,0.249
1945,6,-0.936,-0.051,0.393,0.269,0.256
1945,7,-0.246,-0.216,0.449,0.263,0.255
1945,8,0.369,-0.544,0.383,0.252,0.258
1945,9,-0.765,-0.511,0.384,0.237,0.256
1945,10,0.531,-0.265,0.335,0.22,0.268
1945,11,-2.251,-0.144,0.362,0.22,0.27
1945,12,-0.934,-0.113,0.382,0.227,0.26
1946,1,0.288,-0.126,0.393,0.211,0.276
1946,2,-2.397,-0.137,0.401,0.179,0.295
1946,3,3.981,-0.039,0.416,0.164,0.284
1946,4,0.477,-0.106,0.405,0.166,0.29
1946,5,0.154,-0.006,0.389,0.171,0.283
1946,6,-0.561,-0.059,0.335,0.163,0.282
1946,7,-0.404,-0.009,0.254,0.152,0.278
1946,8,0.244,0.303,0.183,0.158,0.275
1946,9,0.401,0.202,0.22,0.17,0.272
1946,10,-0.273,-0.015,0.205,0.163,0.276
1946,11,-1.046,-0.149,0.18,0.16,0.282
1946,12,-1.574,-0.17,0.172,0.133,0.279
1947,1,0.896,-0.112,0.168,0.088,0.275
1947,2,1.337,-0.185,0.177,0.088,0.274
1947,3,2.773,-0.235,0.17,0.067,0.277
1947,4,-2.128,-0.001,0.15,0.083,0.271
1947,5,-1.457,0.256,0.164,0.093,0.263
1947,6,-0.815,0.589,0.121,0.095,0.255
1947,7,0.295,0.719,0,0.097,0.253
1947,8,-0.624,0.367,-0.064,0.095,0.253
1947,9,-0.2,-0.084,-0.123,0.096,0.255
1947,10,2.532,-0.131,-0.112,0.078,0.252
1947,11,2.034,0.059,-0.09,0.109,0.252
1947,12,2.427,0.184,-0.079,0.165,0.258
1948,1,2.452,0.232,-0.083,0.169,0.273
1948,2,-2.89,0.337,-0.107,0.186,0.278
1948,3,-2.641,0.481,-0.084,0.223,0.285
1948,4,-2.681,0.4,-0.113,0.24,0.289
1948,5,0.816,0.399,-0.104,0.25,0.288
1948,6,0.682,0.094,-0.066,0.251,0.282
1948,7,0.878,-0.063,-0.08,0.247,0.279
1948,8,0.637,-0.185,-0.053,0.253,0.28
1948,9,1.522,0.15,-0.13,0.251,0.272
1948,10,1.559,0.477,-0.122,0.24,0.264
1948,11,2.023,0.346,-0.109,0.237,0.261
1948,12,-1.228,0.264,-0.105,0.226,0.248
1949,1,0.571,0.167,-0.1,0.149,0.24
1949,2,-4.355,0.183,-0.102,0.174,0.255
1949,3,1.375,0.11,-0.103,0.187,0.267
1949,4,1.248,-0.026,-0.122,0.137,0.261
1949,5,-0.766,-0.026,-0.123,0.128,0.253
1949,6,-0.296,0.033,-0.139,0.129,0.252
1949,7,-0.285,-0.43,-0.183,0.132,0.252
1949,8,0.833,-0.26,-0.194,0.138,0.246
1949,9,0.643,-0.373,-0.221,0.134,0.248
1949,10,-0.07,-0.626,-0.143,0.129,0.247
1949,11,2.019,-0.563,-0.086,0.139,0.236
1949,12,-0.517,-0.561,-0.066,0.138,0.233
1950,1,-4.994,-0.578,-0.068,0.141,0.222
1950,2,-2.305,-0.736,-0.062,0.118,0.227
1950,3,0.008,-0.738,-0.056,0.065,0.21
1950,4,-1.782,-0.833,-0.102,0.098,0.204
1950,5,-0.01,-1.144,-0.1,0.112,0.206
1950,6,-0.275,-0.988,-0.063,0.133,0.213
1950,7,-0.485,-0.618,-0.111,0.14,0.213
1950,8,-1.068,-0.49,-0.01,0.141,0.214
1950,9,0.617,-0.542,0.061,0.145,0.206
1950,10,-1.201,-0.313,0.146,0.154,0.204
1950,11,-1.718,-0.235,0.137,0.152,0.209
1950,12,1.361,-0.241,0.119,0.146,0.214
1951,1,-0.562,-0.211,0.102,0.157,0.211
1951,2,-0.762,-0.11,0.106,0.17,0.2
1951,3,-0.622,-0.133,0.085,0.127,0.191
1951,4,0.964,-0.149,0.075,0.12,0.186
1951,5,0.928,-0.099,0.086,0.102,0.182
1951,6,-0.348,-0.426,0.117,0.104,0.183
1951,7,-0.122,-0.525,0.044,0.107,0.181
1951,8,0.142,-0.402,0.164,0.1,0.186
1951,9,0.343,-0.256,0.154,0.086,0.187
1951,10,-1.39,-0.122,0.069,0.08,0.185
1951,11,-1.118,-0.034,0.077,0.091,0.189
1951,12,-2.562,0.025,0.086,0.085,0.182
1952,1,-1.75,0.05,0.096,0.058,0.166
1952,2,0.716,0.015,0.098,0.043,0.15
1952,3,1.126,0.001,0.097,0.041,0.142
1952,4,2.577,0.097,0.109,0.057,0.136
1952,5,1.978,0.372,0.114,0.062,0.127
1952,6,0.36,0.97,0.156,0.064,0.129
1952,7,0.184,1.081,0.282,0.06,0.129
1952,8,-0.289,1.284,0.299,0.065,0.131
1952,9,0.18,1.328,0.254,0.076,0.131
1952,10,-0.242,1.311,0.308,0.056,0.129
1952,11,2.187,1.174,0.315,0.039,0.139
1952,12,4.609,1.11,0.345,0.02,0.154
1953,1,-0.418,1.08,0.364,0.042,0.157
1953,2,3.16,1.178,0.389,0.059,0.155
1953,3,1.65,1.187,0.374,0.11,0.16
1953,4,2.374,1.284,0.422,0.134,0.165
1953,5,0.33,1.326,0.408,0.134,0.165
1953,6,-0.403,0.994,0.357,0.123,0.167
1953,7,-0.185,0.711,0.394,0.117,0.168
1953,8,0.895,0.686,0.394,0.116,0.169
1953,9,0.288,0.613,0.385,0.108,0.166
1953,10,0.922,0.096,0.362,0.098,0.167
1953,11,2.684,0.041,0.313,0.076,0.157
1953,12,0.634,0.099,0.314,0.079,0.151
1954,1,-3.823,0.14,0.313,0.076,0.136
1954,2,2.867,0.145,0.303,0.103,0.146
1954,3,0.778,0.17,0.275,0.092,0.131
1954,4,-3.831,0.144,0.281,0.078,0.117
1954,5,-0.329,0.115,0.306,0.074,0.113
1954,6,0.285,0.228,0.309,0.071,0.11
1954,7,0.315,0.76,0.3,0.076,0.11
1954,8,0.948,0.417,0.28,0.062,0.106
1954,9,0.585,0.128,0.303,0.058,0.099
1954,10,0.616,0.567,0.258,0.04,0.094
1954,11,2.33,0.627,0.21,0.011,0.089
1954,12,1.991,0.732,0.193,0.048,0.07
1955,1,2.559,0.762,0.189,0.101,0.058
1955,2,-1.247,0.72,0.192,0.145,0.039
1955,3,-2.688,0.646,0.208,0.126,0.024
1955,4,1.438,0.734,0.214,0.138,0.035
1955,5,0.388,0.326,0.178,0.149,0.042
1955,6,1.553,0.019,0.103,0.157,0.043
1955,7,0.667,-0.057,0.195,0.163,0.041
1955,8,0.445,-0.016,0.129,0.176,0.037
1955,9,-0.304,0.109,0.16,0.175,0.032
1955,10,1.675,-0.041,0.123,0.188,0.028
1955,11,-2.571,-0.245,0.131,0.197,0.034
1955,12,-1.685,-0.398,0.127,0.2,0.042
1956,1,1.649,-0.465,0.133,0.21,0.029
1956,2,-0.761,-0.543,0.125,0.221,0.043
1956,3,-1.185,-0.628,0.13,0.218,0.032
1956,4,-0.369,-0.855,0.122,0.207,0.025
1956,5,-2.059,-0.61,0.067,0.193,0.023
1956,6,-0.283,-0.668,0.041,0.203,0.026
1956,7,-0.133,-0.995,0.108,0.21,0.029
1956,8,-0.487,-0.973,0.043,0.214,0.029
1956,9,-1.325,-0.664,0.03,0.205,0.033
1956,10,-1.055,-0.645,0.087,0.206,0.031
1956,11,0.371,-0.545,0.072,0.217,0.023
1956,12,-2.374,-0.576,0.055,0.232,0.033
1957,1,-2.278,-0.574,0.056,0.244,0.031
1957,2,-0.504,-0.541,0.026,0.211,0.013
1957,3,2.532,-0.333,0.019,0.217,-0.008
1957,4,-0.14,-0.238,-0.029,0.189,-0.009
1957,5,-0.867,-0.267,-0.092,0.162,-0.007
1957,6,-0.651,-0.06,-0.06,0.163,-0.005
1957,7,-0.11,0.556,-0.079,0.161,-0.007
1957,8,-0.093,0.532,-0.009,0.166,-0.003
1957,9,1.178,0.612,-0.002,0.167,0.002
1957,10,0.08,0.639,-0.031,0.181,-0.007
1957,11,0.022,0.775,-0.016,0.169,-0.016
1957,12,0.107,0.778,-0.031,0.142,-0.017
1958,1,5.123,0.801,-0.038,0.144,-0.03
1958,2,-0.798,0.846,-0.037,0.124,-0.016
1958,3,3.489,0.794,-0.025,0.097,0.006
1958,4,0.183,0.826,-0.045,0.089,0.019
1958,5,0.774,0.773,-0.013,0.08,0.014
1958,6,-0.615,0.688,0.044,0.084,0.009
1958,7,0.161,0.276,0.026,0.089,0.001
1958,8,0.451,0.253,0.048,0.084,-0.007
1958,9,0.546,-0.036,0.051,0.082,-0.008
1958,10,0.466,-0.084,0.051,0.094,-0.007
1958,11,-0.615,-0.253,0.073,0.077,-0.012
1958,12,-0.914,-0.262,0.092,0.077,-0.009
1959,1,0.182,-0.244,0.106,0.122,-0.016
1959,2,-1.067,-0.354,0.124,0.118,0.013
1959,3,0.018,-0.386,0.134,0.075,0.008
1959,4,-0.395,-0.614,0.132,0.096,0.005
1959,5,-1.259,-0.682,0.128,0.098,0.004
1959,6,-0.713,-0.277,0.154,0.09,0
1959,7,0.37,-0.174,0.188,0.088,0
1959,8,-0.865,0.157,0.143,0.074,-0.002
1959,9,0.163,-0.03,0.131,0.064,-0.007
1959,10,-2.27,-0.024,0.12,0.06,-0.007
1959,11,-1.43,0.187,0.115,0.039,-0.012
1959,12,3.936,0.301,0.133,0.001,0.008
1960,1,1.419,0.292,0.134,-0.024,0.029
1960,2,2.909,0.405,0.14,-0.039,0.04
1960,3,-2.23,0.428,0.125,-0.017,0.044
1960,4,-0.323,0.655,0.148,-0.028,0.049
1960,5,1.278,0.722,0.161,-0.028,0.043
1960,6,0.659,0.536,0.182,-0.047,0.046
1960,7,0.261,0.466,0.093,-0.058,0.05
1960,8,0.492,0.27,0.119,-0.067,0.056
1960,9,0.441,0.371,0.034,-0.08,0.052
1960,10,0.454,0.368,0.055,-0.099,0.059
1960,11,-0.634,0.2,0.03,-0.085,0.065
1960,12,1.702,0.216,0.04,-0.061,0.047
1961,1,0.583,0.254,0.045,-0.099,0.044
1961,2,0.556,0.264,0.043,-0.085,0.051
1961,3,-1.015,0.167,0.035,-0.063,0.056
1961,4,-0.358,0.031,0.065,-0.071,0.054
1961,5,-0.745,0.095,0.087,-0.056,0.053
1961,6,0.856,-0.114,0.113,-0.052,0.057
1961,7,0.717,-0.181,0.137,-0.048,0.056
1961,8,0.611,-0.497,0.194,-0.042,0.056
1961,9,-0.721,-0.26,0.121,-0.02,0.057
1961,10,-1.181,-0.298,0.104,-0.017,0.068
1961,11,0.134,-0.336,0.125,-0.046,0.069
1961,12,-0.804,-0.369,0.126,-0.019,0.068
1962,1,-0.227,-0.434,0.12,0.004,0.062
1962,2,-3.228,-0.461,0.122,-0.016,0.041
1962,3,1.832,-0.38,0.11,-0.057,0.033
1962,4,-0.814,-0.16,0.148,-0.076,0.013
1962,5,-1.204,-0.102,0.171,-0.077,0.003
1962,6,0.458,0.079,0.062,-0.073,-0.001
1962,7,-0.06,0.081,0.03,-0.075,-0.007
1962,8,0.284,0.411,-0.069,-0.071,-0.007
1962,9,0.256,0.123,-0.032,-0.072,-0.017
1962,10,1.453,0.314,-0.024,-0.07,-0.027
1962,11,0.83,0.354,-0.04,-0.071,-0.041
1962,12,1.372,0.314,-0.062,-0.053,-0.076
1963,1,-0.201,0.356,-0.078,-0.102,-0.066
1963,2,0.733,0.361,-0.096,-0.091,-0.084
1963,3,-1.623,0.342,-0.136,-0.098,-0.081
1963,4,1.467,0.412,-0.153,-0.097,-0.092
1963,5,-0.724,0.404,-0.157,-0.106,-0.088
1963,6,-0.012,0.341,-0.166,-0.105,-0.083
1963,7,0.441,0.492,-0.224,-0.114,-0.08
1963,8,0.346,0.629,-0.219,-0.13,-0.079
1963,9,0.027,0.399,-0.177,-0.123,-0.077
1963,10,2.295,0.162,-0.192,-0.113,-0.075
1963,11,0.726,0.219,-0.185,-0.101,-0.09
1963,12,0.615,0.165,-0.195,-0.098,-0.09
1964,1,1.61,0.129,-0.203,-0.108,-0.084
1964,2,2.378,0.041,-0.209,-0.077,-0.1
1964,3,-4.377,-0.008,-0.174,-0.076,-0.116
1964,4,-1.386,-0.197,-0.167,-0.068,-0.106
1964,5,-0.03,-0.264,-0.22,-0.065,-0.11
1964,6,-0.662,-0.53,-0.193,-0.07,-0.11
1964,7,0.007,-0.708,-0.181,-0.076,-0.111
1964,8,-0.712,-1.16,-0.176,-0.066,-0.117
1964,9,-0.559,-0.796,-0.246,-0.072,-0.125
1964,10,0.031,-0.666,-0.273,-0.055,-0.136
1964,11,-0.086,-0.639,-0.268,-0.036,-0.14
1964,12,-2.573,-0.637,-0.28,-0.031,-0.139
1965,1,-0.522,-0.697,-0.283,-0.043,-0.154
1965,2,-3.056,-0.687,-0.283,-0.066,-0.15
1965,3,-0.002,-0.803,-0.268,-0.039,-0.144
1965,4,0.17,-0.85,-0.288,-0.04,-0.15
1965,5,0.294,-0.915,-0.303,-0.063,-0.146
1965,6,-0.639,-0.604,-0.288,-0.065,-0.147
1965,7,-0.71,-0.806,-0.297,-0.064,-0.145
1965,8,-0.594,-0.477,-0.301,-0.064,-0.148
1965,9,-1.948,-0.351,-0.229,-0.071,-0.145
1965,10,-0.538,-0.472,-0.248,-0.071,-0.152
1965,11,-0.869,-0.521,-0.242,-0.067,-0.143
1965,12,1.164,-0.449,-0.25,-0.107,-0.142
1966,1,-2.951,-0.367,-0.274,-0.122,-0.146
1966,2,0.901,-0.297,-0.302,-0.119,-0.144
1966,3,1.5,-0.024,-0.28,-0.105,-0.146
1966,4,-1.276,-0.038,-0.291,-0.098,-0.134
1966,5,-0.293,-0.222,-0.29,-0.087,-0.123
1966,6,0.226,-0.25,-0.308,-0.089,-0.121
1966,7,0.271,0.038,-0.353,-0.097,-0.121
1966,8,0.25,-0.282,-0.349,-0.101,-0.118
1966,9,1.321,-0.608,-0.273,-0.09,-0.109
1966,10,-0.703,-0.702,-0.24,-0.071,-0.109
1966,11,-3.07,-0.754,-0.255,-0.078,-0.108
1966,12,0.817,-0.793,-0.265,-0.095,-0.105
1967,1,0.507,-0.838,-0.272,-0.119,-0.082
1967,2,-2.934,-0.832,-0.255,-0.129,-0.064
1967,3,-2.407,-0.848,-0.254,-0.151,-0.062
1967,4,-2.408,-0.77,-0.257,-0.162,-0.055
1967,5,-0.914,-0.519,-0.242,-0.156,-0.044
1967,6,-0.244,-0.398,-0.125,-0.165,-0.039
1967,7,-0.271,-0.5,-0.117,-0.175,-0.041
1967,8,0.319,-0.212,-0.062,-0.18,-0.043
1967,9,1.131,0.211,-0.045,-0.201,-0.047
1967,10,0.238,0.437,-0.056,-0.235,-0.042
1967,11,-0.061,0.484,-0.085,-0.251,-0.041
1967,12,2.272,0.466,-0.067,-0.294,-0.051
1968,1,-0.715,0.405,-0.049,-0.277,-0.07
1968,2,0.512,0.264,-0.032,-0.292,-0.055
1968,3,2.674,0.282,-0.006,-0.259,-0.072
1968,4,0.308,0.402,0.01,-0.273,-0.076
1968,5,-0.359,0.471,0.022,-0.256,-0.08
1968,6,-0.459,0.242,-0.049,-0.25,-0.082
1968,7,-0.997,0.213,-0.02,-0.249,-0.086
1968,8,-1.382,0.389,-0.019,-0.243,-0.092
1968,9,1.357,0.177,-0.034,-0.236,-0.095
1968,10,1.674,0.201,-0.004,-0.243,-0.104
1968,11,0.766,0.153,0.011,-0.258,-0.111
1968,12,-0.479,0.087,0.017,-0.256,-0.106
1969,1,-1.058,0.136,0.008,-0.29,-0.101
1969,2,2.621,0.278,0.007,-0.318,-0.124
1969,3,0.128,0.125,-0.006,-0.307,-0.123
1969,4,0.599,-0.031,0.025,-0.308,-0.123
1969,5,-0.94,-0.025,0.064,-0.318,-0.118
1969,6,-1.242,0.384,0.003,-0.311,-0.117
1969,7,-0.41,0.471,-0.058,-0.31,-0.116
1969,8,0.317,0.271,-0.081,-0.308,-0.114
1969,9,-0.475,0.345,-0.056,-0.315,-0.114
1969,10,-0.204,0.255,-0.051,-0.331,-0.104
1969,11,0.846,0.213,-0.043,-0.32,-0.09
1969,12,4.43,0.354,-0.05,-0.278,-0.097
1970,1,-0.021,0.42,-0.067,-0.284,-0.099
1970,2,0.226,0.426,-0.076,-0.26,-0.1
1970,3,1.018,0.434,-0.134,-0.27,-0.088
1970,4,-0.482,0.488,-0.181,-0.272,-0.078
1970,5,-1.441,0.406,-0.199,-0.264,-0.076
1970,6,0.443,-0.222,-0.3,-0.247,-0.079
1970,7,0.381,-0.321,-0.257,-0.232,-0.081
1970,8,0.397,-0.259,-0.284,-0.228,-0.082
1970,9,-0.386,-0.294,-0.289,-0.21,-0.089
1970,10,0.451,-0.21,-0.297,-0.205,-0.089
1970,11,-0.146,-0.041,-0.271,-0.202,-0.08
1970,12,-3.099,-0.03,-0.251,-0.224,-0.1
1971,1,-1.213,-0.082,-0.224,-0.193,-0.075
1971,2,0.967,-0.103,-0.183,-0.203,-0.06
1971,3,0.595,-0.023,-0.192,-0.228,-0.035
1971,4,0.537,0.034,-0.195,-0.197,-0.036
1971,5,0.583,-0.015,-0.226,-0.19,-0.029
1971,6,0.574,0.008,-0.204,-0.191,-0.034
1971,7,-0.246,-0.154,-0.228,-0.193,-0.035
1971,8,0.148,-0.595,-0.287,-0.195,-0.032
1971,9,0.572,-0.72,-0.34,-0.198,-0.025
1971,10,1.138,-0.939,-0.375,-0.201,-0.019
1971,11,-0.736,-1.023,-0.38,-0.17,-0.007
1971,12,-2.822,-1.129,-0.356,-0.191,0.007
1972,1,-3.161,-1.215,-0.347,-0.167,-0.008
1972,2,-4.325,-1.247,-0.361,-0.112,0
1972,3,-0.905,-1.486,-0.376,-0.067,-0.012
1972,4,-2.085,-1.799,-0.404,-0.033,-0.017
1972,5,-0.43,-1.832,-0.397,-0.011,-0.013
1972,6,-0.693,-1.913,-0.432,-0.005,-0.016
1972,7,-1.281,-1.494,-0.451,-0.007,-0.014
1972,8,-0.232,-1.223,-0.458,-0.016,-0.021
1972,9,-2.304,-0.952,-0.495,-0.022,-0.021
1972,10,-2.61,-0.792,-0.488,-0.015,-0.027
1972,11,-1.134,-0.656,-0.443,-0.011,-0.04
1972,12,-3.797,-0.536,-0.427,-0.049,-0.046
1973,1,1.869,-0.377,-0.416,-0.038,-0.039
1973,2,-1.079,-0.268,-0.424,-0.018,-0.042
1973,3,2.354,-0.011,-0.414,-0.047,-0.034
1973,4,-0.168,0.334,-0.421,-0.055,-0.038
1973,5,1.205,0.335,-0.427,-0.054,-0.045
1973,6,0.745,0.721,-0.399,-0.059,-0.042
1973,7,0.621,0.36,-0.365,-0.058,-0.043
1973,8,1.079,0.372,-0.388,-0.054,-0.041
1973,9,0.779,-0.08,-0.423,-0.068,-0.039
1973,10,1.532,-0.191,-0.391,-0.095,-0.048
1973,11,-1.116,-0.395,-0.39,-0.121,-0.042
1973,12,0.825,-0.44,-0.398,-0.114,-0.056
1974,1,-2.461,-0.482,-0.394,-0.094,-0.063
1974,2,-0.932,-0.616,-0.396,-0.17,-0.058
1974,3,-3.066,-0.792,-0.391,-0.17,-0.037
1974,4,-1.504,-1.078,-0.426,-0.178,-0.021
1974,5,-1.249,-0.88,-0.405,-0.171,-0.02
1974,6,0.209,-0.753,-0.385,-0.164,-0.015
1974,7,0.119,-0.644,-0.277,-0.155,-0.013
1974,8,-0.525,-0.583,-0.142,-0.162,-0.006
1974,9,-1.34,-0.428,-0.078,-0.156,-0.009
1974,10,-1.895,-0.308,-0.016,-0.154,-0.011
1974,11,1.258,-0.1,0.02,-0.145,-0.016
1974,12,2.352,-0.002,0.041,-0.163,-0.017
1975,1,-1.152,0.077,0.054,-0.154,0.001
1975,2,-0.203,0.111,0.045,-0.135,0.007
1975,3,-1.214,0.241,0.091,-0.136,0.012
1975,4,-0.054,0.403,0.152,-0.116,0.007
1975,5,1.247,0.258,0.177,-0.089,0.01
1975,6,1.382,-0.056,0.202,-0.093,0.012
1975,7,1.064,0.105,0.18,-0.099,0.014
1975,8,-0.115,0.09,0.247,-0.1,0.013
1975,9,0.224,0.066,0.195,-0.107,0.022
1975,10,0.043,0.277,0.187,-0.106,0.022
1975,11,-0.475,0.222,0.162,-0.094,0.011
1975,12,-1.415,0.117,0.133,-0.093,0.013
1976,1,0.772,0.028,0.108,-0.027,0.037
1976,2,-0.377,0.039,0.076,-0.001,0.039
1976,3,-1.497,0.094,0.057,0.036,0.036
1976,4,2.468,0.008,0.004,0.025,0.042
1976,5,0.592,0.096,-0.017,0.029,0.047
1976,6,0.12,0.076,-0.023,0.021,0.041
1976,7,0,0.289,0.039,0.028,0.037
1976,8,0.015,0.634,-0.053,0.038,0.034
1976,9,0.889,1.003,0,0.039,0.025
1976,10,-0.999,0.935,0.018,0.032,0.024
1976,11,0.581,1.031,0.038,0.065,0.02
1976,12,-1.652,1.067,0.029,0.109,0.028
1977,1,3.334,1.023,0.038,0.104,0.045
1977,2,3.754,0.96,0.037,0.129,0.07
1977,3,2.94,0.921,0.063,0.128,0.087
1977,4,1.652,1.093,0.096,0.128,0.104
1977,5,1.74,1.074,0.108,0.13,0.107
1977,6,0.554,1.024,0.106,0.134,0.11
1977,7,-0.533,0.791,0.143,0.146,0.112
1977,8,-0.741,0.722,0.188,0.137,0.107
1977,9,0.419,0.413,0.222,0.158,0.109
1977,10,1.071,0.221,0.255,0.182,0.109
1977,11,0.352,0.054,0.265,0.171,0.115
1977,12,-2.25,-0.079,0.241,0.202,0.126
1978,1,0.539,-0.105,0.218,0.198,0.131
1978,2,2.924,-0.116,0.225,0.209,0.129
1978,3,-0.775,-0.178,0.201,0.191,0.13
1978,4,-0.645,-0.406,0.209,0.196,0.137
1978,5,-0.271,-0.631,0.239,0.166,0.141
1978,6,-1.041,-0.409,0.212,0.165,0.146
1978,7,-0.838,-0.345,0.311,0.162,0.153
1978,8,-0.877,-1.13,0.386,0.16,0.162
1978,9,-0.327,-1.052,0.495,0.158,0.159
1978,10,-1.66,-1.033,0.44,0.146,0.153
1978,11,-2.356,-1.016,0.447,0.174,0.149
1978,12,0.422,-0.958,0.441,0.144,0.152
1979,1,1.3,-0.835,0.449,0.164,0.158
1979,2,-6.489,-0.806,0.472,0.201,0.147
1979,3,0.163,-0.762,0.469,0.233,0.135
1979,4,-0.424,-0.619,0.491,0.266,0.137
1979,5,-0.061,-0.257,0.534,0.277,0.14
1979,6,-0.345,-0.107,0.604,0.28,0.149
1979,7,0.637,-0.127,0.485,0.284,0.155
1979,8,-0.537,0.626,0.4,0.295,0.158
1979,9,0.201,0.68,0.334,0.296,0.163
1979,10,0.055,0.876,0.271,0.309,0.163
1979,11,1.998,1.034,0.24,0.288,0.148
1979,12,2.215,1.056,0.227,0.244,0.125
1980,1,1.066,0.976,0.239,0.285,0.132
1980,2,2.539,1.047,0.229,0.273,0.119
1980,3,0.81,0.929,0.225,0.294,0.129
1980,4,1.927,0.97,0.211,0.286,0.133
1980,5,1.837,0.915,0.165,0.283,0.14
1980,6,-0.074,0.477,0.201,0.272,0.139
1980,7,-0.322,0.947,0.216,0.26,0.14
1980,8,0.308,1.08,0.171,0.255,0.139
1980,9,-1.211,1.43,0.188,0.255,0.143
1980,10,0.551,1.203,0.204,0.25,0.136
1980,11,1.33,1.135,0.169,0.224,0.128
1980,12,-3.036,1.118,0.198,0.25,0.13
1981,1,6.702,1.187,0.216,0.267,0.131
1981,2,4.138,1.275,0.244,0.281,0.137
1981,3,5.006,1.438,0.258,0.3,0.139
1981,4,-0.788,1.417,0.288,0.28,0.144
1981,5,1.013,1.567,0.366,0.283,0.147
1981,6,-0.276,2.034,0.311,0.272,0.149
1981,7,0.512,1.159,0.289,0.267,0.151
1981,8,1.361,0.701,0.456,0.263,0.155
1981,9,0.74,0.198,0.465,0.249,0.153
1981,10,0.305,0.089,0.513,0.248,0.142
1981,11,3.127,-0.005,0.516,0.21,0.141
1981,12,2.564,-0.003,0.532,0.247,0.154
1982,1,-3.789,-0.028,0.53,0.258,0.181
1982,2,-1.359,-0.255,0.553,0.252,0.199
1982,3,-1.028,-0.3,0.529,0.24,0.213
1982,4,-2.102,-0.306,0.522,0.242,0.218
1982,5,-0.118,-0.767,0.467,0.226,0.217
1982,6,-0.247,-0.99,0.383,0.225,0.216
1982,7,0.212,-0.552,0.427,0.231,0.216
1982,8,-1.367,-0.422,0.358,0.229,0.215
1982,9,0.208,-0.317,0.367,0.239,0.219
1982,10,0.221,-0.114,0.318,0.233,0.228
1982,11,-2.405,-0.303,0.302,0.241,0.236
1982,12,-0.104,-0.221,0.303,0.3,0.249
1983,1,1.468,-0.22,0.303,0.3,0.249
1983,2,0.2,-0.039,0.286,0.276,0.251
1983,3,0.234,-0.016,0.309,0.307,0.251
1983,4,0.337,-0.022,0.291,0.329,0.256
1983,5,-2.393,0.37,0.208,0.337,0.256
1983,6,0.732,0.14,0.288,0.352,0.254
1983,7,0.232,0.015,0.223,0.364,0.252
1983,8,0.804,0.294,0.176,0.377,0.249
1983,9,0.486,0.332,0.105,0.385,0.244
1983,10,0.147,0.511,0.12,0.402,0.237
1983,11,2.304,0.72,0.119,0.42,0.237
1983,12,-2.874,0.71,0.104,0.418,0.241
1984,1,-0.027,0.736,0.084,0.411,0.241
1984,2,3.541,0.739,0.053,0.465,0.229
1984,3,0.698,0.595,0.029,0.441,0.253
1984,4,2.479,0.55,0.006,0.452,0.259
1984,5,0.114,0.252,-0.114,0.452,0.268
1984,6,0.614,0.255,-0.11,0.462,0.272
1984,7,0.542,0.566,0.03,0.466,0.276
1984,8,0.849,0.136,0.104,0.478,0.279
1984,9,-1.25,0.189,0.147,0.482,0.29
1984,10,-0.392,-0.101,0.212,0.481,0.305
1984,11,-1.266,-0.036,0.211,0.441,0.304
1984,12,-2.844,-0.088,0.224,0.413,0.304
1985,1,3.703,-0.162,0.223,0.418,0.324
1985,2,-1.617,-0.29,0.229,0.373,0.324
1985,3,1.339,-0.172,0.253,0.394,0.332
1985,4,-1.006,-0.185,0.255,0.383,0.337
1985,5,0.896,-0.381,0.318,0.368,0.336
1985,6,-0.013,0.002,0.399,0.372,0.338
1985,7,-0.345,-0.075,0.384,0.379,0.333
1985,8,-0.689,0.173,0.381,0.378,0.334
1985,9,0.175,0.12,0.425,0.393,0.336
1985,10,-0.554,0.214,0.454,0.377,0.338
1985,11,-3.618,0.218,0.505,0.349,0.333
1985,12,1.758,0.123,0.506,0.354,0.336
1986,1,2.778,0.097,0.512,0.288,0.324
1986,2,1.356,0.112,0.51,0.275,0.334
1986,3,0.708,0.039,0.512,0.242,0.338
1986,4,0.119,-0.008,0.516,0.262,0.328
1986,5,0.936,-0.046,0.473,0.265,0.322
1986,6,-1.143,0.045,0.526,0.276,0.325
1986,7,-0.665,0.196,0.532,0.274,0.328
1986,8,-0.508,0.341,0.474,0.272,0.329
1986,9,-0.697,0.409,0.417,0.267,0.329
1986,10,-1.116,0.552,0.391,0.252,0.328
1986,11,-4.073,0.459,0.387,0.218,0.321
1986,12,2.843,0.595,0.392,0.199,0.331
1987,1,4.588,0.663,0.401,0.257,0.319
1987,2,3.103,0.621,0.403,0.27,0.309
1987,3,1.519,0.82,0.435,0.299,0.293
1987,4,1.837,0.941,0.44,0.308,0.285
1987,5,-0.174,1.392,0.415,0.303,0.275
1987,6,0.485,1.555,0.442,0.298,0.276
1987,7,0.151,1.221,0.41,0.286,0.282
1987,8,-1.007,0.96,0.389,0.293,0.286
1987,9,1.689,1.076,0.421,0.281,0.289
1987,10,0.326,1.096,0.449,0.275,0.281
1987,11,1.344,1.166,0.434,0.3,0.286
1987,12,4.793,1.188,0.441,0.297,0.314
1988,1,0.582,1.226,0.455,0.299,0.312
1988,2,-0.021,1.369,0.471,0.294,0.32
1988,3,2.905,1.279,0.476,0.312,0.332
1988,4,2.08,1.282,0.464,0.316,0.35
1988,5,0.669,1.15,0.491,0.347,0.364
1988,6,0.75,0.775,0.419,0.343,0.376
1988,7,0.605,0.755,0.354,0.343,0.386
1988,8,0.703,0.761,0.374,0.339,0.397
1988,9,0.613,0.289,0.379,0.331,0.407
1988,10,0.354,0.193,0.405,0.329,0.421
1988,11,-0.235,0.13,0.411,0.3,0.444
1988,12,0.291,0.142,0.448,0.338,0.454
1989,1,0.347,0.183,0.464,0.317,0.454
1989,2,0.045,0.203,0.49,0.257,0.497
1989,3,-2.75,0.209,0.504,0.273,0.514
1989,4,0.918,0.169,0.498,0.253,0.526
1989,5,-0.082,-0.039,0.551,0.259,0.53
1989,6,0.894,-0.164,0.508,0.264,0.535
1989,7,1.095,-0.049,0.484,0.267,0.532
1989,8,0.95,-0.291,0.435,0.263,0.537
1989,9,0.686,0.211,0.45,0.283,0.542
1989,10,-0.13,0.19,0.404,0.302,0.54
1989,11,-2.735,0.199,0.394,0.32,0.541
1989,12,-1.209,0.156,0.372,0.363,0.546
1990,1,1.735,0.106,0.349,0.363,0.547
1990,2,-2.863,0.049,0.357,0.375,0.55
1990,3,3.272,0.033,0.308,0.37,0.565
1990,4,0.664,-0.066,0.294,0.388,0.558
1990,5,0.027,-0.004,0.283,0.388,0.549
1990,6,0.377,-0.114,0.194,0.404,0.548
1990,7,0.5,-0.353,0.214,0.406,0.553
1990,8,0.263,0.098,0.207,0.413,0.552
1990,9,0.494,-0.088,0.198,0.417,0.557
1990,10,-1.314,-0.007,0.178,0.426,0.556
1990,11,-2,0.099,0.188,0.443,0.557
1990,12,-2.527,0.158,0.181,0.422,0.566
1991,1,-1.124,0.143,0.174,0.381,0.56
1991,2,2.546,0.21,0.167,0.386,0.543
1991,3,1.037,0.177,0.15,0.376,0.535
1991,4,1.632,0.165,0.142,0.377,0.542
1991,5,1.307,0.255,0.126,0.36,0.544
1991,6,1.087,0.49,0.149,0.378,0.547
1991,7,0.314,0.845,0.102,0.388,0.549
1991,8,1.065,0.647,0.041,0.395,0.549
1991,9,0.102,0.764,0.129,0.408,0.554
1991,10,-1.457,0.548,0.114,0.407,0.553
1991,11,-0.918,0.377,0.131,0.432,0.549
1991,12,0.284,0.215,0.136,0.415,0.555
1992,1,3.136,0.085,0.133,0.381,0.582
1992,2,0.177,-0.047,0.123,0.366,0.591
1992,3,2.432,-0.16,0.131,0.345,0.587
1992,4,-0.951,-0.078,0.164,0.328,0.588
1992,5,-0.743,0.051,0.225,0.324,0.582
1992,6,-0.864,-0.015,0.284,0.327,0.586
1992,7,-1.243,-0.13,0.317,0.332,0.587
1992,8,-0.524,-0.18,0.361,0.343,0.594
1992,9,-1.252,-0.186,0.318,0.339,0.598
1992,10,-0.471,-0.035,0.327,0.328,0.595
1992,11,0.635,0.133,0.341,0.331,0.61
1992,12,-0.509,0.233,0.368,0.328,0.632
1993,1,1.753,0.351,0.356,0.324,0.64
1993,2,-0.425,0.421,0.356,0.363,0.633
1993,3,2.357,0.493,0.359,0.358,0.629
1993,4,0.869,0.519,0.389,0.371,0.628
1993,5,1.264,0.366,0.396,0.39,0.643
1993,6,0.336,0.549,0.424,0.4,0.641
1993,7,0.172,0.195,0.408,0.408,0.645
1993,8,0.319,-0.072,0.398,0.417,0.646
1993,9,-0.387,-0.057,0.372,0.43,0.65
1993,10,-0.163,-0.124,0.349,0.441,0.658
1993,11,-1.193,-0.152,0.31,0.468,0.651
1993,12,1.687,-0.083,0.308,0.489,0.678
1994,1,-2.496,-0.019,0.313,0.497,0.674
1994,2,-3.628,-0.015,0.299,0.528,0.669
1994,3,2.537,0.114,0.312,0.587,0.668
1994,4,0.063,0.279,0.315,0.6,0.658
1994,5,0.93,0.459,0.313,0.608,0.65
1994,6,1.169,0.512,0.321,0.608,0.646
1994,7,0.931,1.027,0.277,0.598,0.645
1994,8,0.372,1.313,0.296,0.596,0.639
1994,9,1.154,1.159,0.239,0.602,0.646
1994,10,1.816,1.252,0.251,0.599,0.648
1994,11,0.971,1.247,0.253,0.64,0.657
1994,12,2.329,1.316,0.282,0.679,0.664
1995,1,3.674,1.221,0.315,0.677,0.65
1995,2,-0.194,1.21,0.329,0.727,0.666
1995,3,0.686,1.17,0.37,0.736,0.671
1995,4,1.182,1.061,0.363,0.732,0.687
1995,5,0.878,0.847,0.38,0.73,0.688
1995,6,1.986,0.583,0.462,0.723,0.692
1995,7,-0.204,0.102,0.433,0.727,0.694
1995,8,0.241,0.281,0.519,0.726,0.699
1995,9,0.675,0.181,0.517,0.722,0.702
1995,10,0.505,0.102,0.565,0.736,0.711
1995,11,-1.588,-0.057,0.593,0.766,0.735
1995,12,-0.841,-0.142,0.619,0.779,0.743
1996,1,-2.099,-0.074,0.643,0.831,0.754
1996,2,1.957,-0.075,0.666,0.812,0.761
1996,3,-0.522,-0.057,0.709,0.827,0.773
1996,4,0.233,-0.203,0.739,0.823,0.786
1996,5,-1.023,-0.16,0.81,0.824,0.792
1996,6,0.967,-0.024,0.828,0.819,0.805
1996,7,0.609,0.193,0.892,0.824,0.813
1996,8,0.227,0.14,1.016,0.826,0.818
1996,9,0.893,0.1,1.045,0.841,0.829
1996,10,-1.248,0.062,1.085,0.855,0.839
1996,11,-1.067,0.094,1.084,0.88,0.854
1996,12,0.787,0.087,1.079,0.911,0.864
1997,1,0.505,0.099,1.063,0.907,0.863
1997,2,1.314,0.103,1.069,0.912,0.851
1997,3,-0.999,0.133,1.073,0.875,0.844
1997,4,-0.214,0.158,1.035,0.868,0.842
1997,5,-0.642,0.388,1.054,0.861,0.843
1997,6,0.878,0.689,1.073,0.873,0.844
1997,7,0.751,0.649,1.037,0.888,0.85
1997,8,0.282,0.935,1.093,0.894,0.854
1997,9,1.247,1.204,1.153,0.916,0.848
1997,10,-0.948,1.534,1.137,0.915,0.852
1997,11,1.692,1.831,1.119,0.92,0.846
1997,12,4.407,1.918,1.079,0.967,0.827
1998,1,0.025,1.989,1.097,0.98,0.835
1998,2,4.743,2.108,1.097,0.971,0.832
1998,3,2.229,2.183,1.085,0.946,0.816
1998,4,3.745,2.403,1.082,0.941,0.81
1998,5,2.922,2.515,1.135,0.94,0.812
1998,6,1.918,2.379,1.133,0.94,0.813
1998,7,1.61,2.491,1.254,0.946,0.814
1998,8,1.708,2.41,1.226,0.953,0.815
1998,9,2.151,2.581,1.283,0.969,0.814
1998,10,1.682,2.475,1.297,0.987,0.819
1998,11,3.036,2.306,1.339,1.003,0.829
1998,12,2.785,2.218,1.33,1.019,0.819
1999,1,1.366,2.081,1.336,1.031,0.824
1999,2,3.763,1.999,1.352,1.081,0.83
1999,3,4.281,1.934,1.371,1.063,0.837
1999,4,2.475,1.757,1.395,1.062,0.837
1999,5,0.898,1.68,1.447,1.04,0.832
1999,6,0.865,1.737,1.501,1.028,0.829
1999,7,-0.044,1.747,1.536,1.023,0.825
1999,8,0.73,1.699,1.528,1.015,0.823
1999,9,1.375,1.701,1.511,1.008,0.831
1999,10,-0.449,1.512,1.485,0.993,0.828
1999,11,2.121,1.419,1.468,0.994,0.853
1999,12,3.46,1.314,1.465,0.964,0.866
2000,1,1.488,1.391,1.462,0.937,0.878
2000,2,3.194,1.35,1.46,0.957,0.915
2000,3,4.298,1.233,1.461,0.972,0.926
2000,4,0.209,1.297,1.468,0.987,0.946
2000,5,-0.213,1.254,1.46,0.988,0.95
2000,6,-0.395,0.884,1.472,0.979,0.951
2000,7,0.873,1.187,1.527,0.982,0.955
2000,8,0.235,0.946,1.423,0.984,0.96
2000,9,-0.019,0.828,1.375,0.986,0.962
2000,10,0.318,0.9,1.317,0.996,0.977
2000,11,1.598,1.043,1.287,1.027,0.998
2000,12,-0.972,1.113,1.26,1.065,1.023
2001,1,5.119,1.12,1.25,1.127,1.041
2001,2,0.296,1.202,1.24,1.137,1.034
2001,3,2.891,1.368,1.23,1.171,1.03
2001,4,1.064,1.359,1.235,1.195,1.019
2001,5,1.506,1.397,1.196,1.223,1.016
2001,6,0.45,1.816,1.21,1.233,1.015
2001,7,0.951,1.607,1.169,1.237,1.018
2001,8,1.22,1.649,1.147,1.242,1.02
2001,9,1.981,1.243,1.08,1.25,1.029
2001,10,0.199,1.003,1.04,1.272,1.043
2001,11,2.06,0.741,0.995,1.275,1.053
2001,12,4.056,0.76,0.977,1.312,1.068
2002,1,2.613,0.727,0.983,1.345,1.068
2002,2,0.798,0.641,0.961,1.336,1.086
2002,3,-1.979,0.586,0.943,1.343,1.085
2002,4,-1.825,0.525,0.952,1.357,1.095
2002,5,-1.632,0.454,0.934,1.362,1.105
2002,6,0.681,0.544,0.856,1.36,1.117
2002,7,0.554,0.605,0.837,1.368,1.13
2002,8,0.185,0.413,0.82,1.366,1.139
2002,9,1.327,0.524,0.79,1.356,1.155
2002,10,-0.54,0.694,0.836,1.375,1.159
2002,11,1.215,0.923,0.857,1.361,1.155
2002,12,5.128,0.894,0.879,1.325,1.161
2003,1,3.343,0.931,0.868,1.346,1.162
2003,2,-1.502,1.011,0.871,1.3,1.173
2003,3,-0.649,1.028,0.886,1.274,1.172
2003,4,0.217,1.237,0.91,1.249,1.164
2003,5,1.125,1.195,0.918,1.234,1.161
2003,6,0.321,1.067,0.997,1.226,1.166
2003,7,1.003,0.701,1.001,1.219,1.167
2003,8,1.142,1.029,1.047,1.213,1.171
2003,9,1.532,1.105,1.059,1.199,1.18
2003,10,1.965,1.092,1.093,1.197,1.189
2003,11,0.715,0.85,1.108,1.19,1.192
2003,12,3.598,0.803,1.135,1.149,1.173
2004,1,-1.051,0.747,1.138,1.152,1.196
2004,2,2.428,0.602,1.132,1.132,1.207
2004,3,0.27,0.499,1.129,1.088,1.189
2004,4,0.058,0.341,1.149,1.075,1.186
2004,5,-1.784,0.368,1.104,1.056,1.187
2004,6,-0.24,-0.032,1.124,1.051,1.188
2004,7,0.331,0.083,1.154,1.052,1.189
2004,8,-0.6,0.064,1.144,1.05,1.192
2004,9,0.302,0.25,1.175,1.059,1.189
2004,10,0.066,0.494,1.229,1.057,1.188
2004,11,1.037,0.729,1.255,1.067,1.179
2004,12,-1.197,0.827,1.256,1.053,1.18
2005,1,0.327,0.813,1.275,1.08,1.174
2005,2,2.196,0.898,1.271,1.103,1.167
2005,3,2.504,0.95,1.251,1.117,1.17
2005,4,2.986,1.087,1.283,1.159,1.169
2005,5,1.039,1.177,1.262,1.169,1.172
2005,6,0.933,1.589,1.178,1.179,1.169
2005,7,0.168,2.009,1.164,1.183,1.173
2005,8,0.417,2.082,1.177,1.194,1.176
2005,9,0.922,2.171,1.173,1.201,1.18
2005,10,1.715,2.181,1.181,1.217,1.182
2005,11,2.109,2.295,1.182,1.23,1.198
2005,12,3.756,2.392,1.192,1.268,1.218
2006,1,5.364,2.472,1.189,1.252,1.251
2006,2,3.066,2.507,1.186,1.256,1.254
2006,3,3.583,2.583,1.169,1.233,1.268
2006,4,3.103,2.555,1.158,1.216,1.268
2006,5,2.411,2.327,1.183,1.208,1.282
2006,6,2.09,2.449,1.089,1.21,1.284
2006,7,1.131,2.373,1.134,1.213,1.286
2006,8,0.838,2.134,1.117,1.214,1.292
2006,9,1.833,1.823,1.095,1.217,1.295
2006,10,1.377,1.683,1.109,1.232,1.301
2006,11,-0.622,1.478,1.116,1.226,1.326
2006,12,5.214,1.365,1.124,1.224,1.326
2007,1,4.454,1.411,1.122,1.229,1.348
2007,2,0.202,1.34,1.139,1.259,1.355
2007,3,-0.16,1.194,1.175,1.296,1.361
2007,4,1.428,1.195,1.161,1.322,1.365
2007,5,-0.043,1.244,1.2,1.349,1.375
2007,6,0.731,0.817,1.251,1.36,1.375
2007,7,1.686,0.655,1.324,1.371,1.375
2007,8,-0.025,0.578,1.385,1.384,1.38
2007,9,0.083,0.517,1.443,1.394,1.383
2007,10,1.387,0.454,1.482,1.402,1.392
2007,11,-0.024,0.557,1.481,1.39,1.383
2007,12,0.082,0.575,1.479,1.354,1.373
2008,1,2.51,0.5,1.499,1.343,1.385
2008,2,-0.723,0.581,1.516,1.375,1.363
2008,3,-0.888,0.617,1.516,1.397,1.364
2008,4,0.677,0.614,1.525,1.386,1.342
2008,5,1.186,0.8,1.541,1.382,1.332
2008,6,0.948,0.622,1.54,1.392,1.326
2008,7,0.787,0.552,1.503,1.387,1.325
2008,8,0.953,0.729,1.465,1.388,1.319
2008,9,0.508,0.713,1.407,1.39,1.305
2008,10,1.35,0.734,1.338,1.39,1.294
2008,11,2.212,0.521,1.309,1.381,1.278
2008,12,-2.059,0.463,1.285,1.327,1.282
2009,1,1.672,0.411,1.287,1.361,1.283
2009,2,1.397,0.37,1.296,1.332,1.262
2009,3,-1.08,0.532,1.304,1.316,1.258
2009,4,0.937,0.356,1.315,1.31,1.251
2009,5,-1.371,0.45,1.347,1.335,1.251
2009,6,0.252,0.778,1.325,1.347,1.25
2009,7,0.165,1.03,1.303,1.354,1.253
2009,8,0.454,1.404,1.375,1.369,1.252
2009,9,2.455,1.993,1.417,1.37,1.253
2009,10,-0.762,2.356,1.416,1.383,1.261
2009,11,3.343,2.553,1.443,1.364,1.257
2009,12,1.872,2.598,1.464,1.396,1.251
2010,1,4.697,2.7,1.468,1.411,1.257
2010,2,5.887,2.784,1.496,1.377,1.25
2010,3,5.981,2.654,1.537,1.369,1.234
2010,4,5.304,2.907,1.521,1.352,1.232
2010,5,0.989,2.884,1.517,1.356,1.232
2010,6,0.796,3.032,1.53,1.359,1.238
2010,7,1.389,2.906,1.522,1.364,NaN
2010,8,1.454,2.478,1.572,1.369,NaN
2010,9,0.894,1.991,1.621,1.375,NaN
2010,10,2.282,1.464,1.592,1.367,NaN
2010,11,3.064,1.434,1.581,1.369,NaN
2010,12,3.653,1.425,1.591,1.37,NaN
2011,1,3.185,1.414,1.585,1.375,NaN
2011,2,0.747,1.406,1.59,1.371,NaN
2011,3,0.142,1.525,1.612,1.366,NaN
2011,4,-1.028,1.503,1.622,1.341,NaN
2011,5,0.632,1.355,1.578,1.34,NaN
2011,6,0.686,1.378,1.565,1.335,NaN
2011,7,1.253,1.372,1.587,1.335,NaN
2011,8,1.369,1.685,1.547,1.342,NaN
2011,9,2.316,1.869,1.536,1.34,NaN
2011,10,2.013,2.07,1.51,1.331,NaN
2011,11,1.299,2.149,1.553,1.376,NaN
2011,12,3.92,2.261,1.57,1.34,NaN
2012,1,3.111,2.314,1.586,1.35,NaN
2012,2,4.508,2.338,1.598,1.373,NaN
2012,3,2.352,2.36,1.565,1.379,NaN
2012,4,1.385,2.227,1.605,1.373,NaN
2012,5,1.582,2.096,1.528,1.388,NaN
2012,6,2.023,1.841,1.542,1.39,NaN
2012,7,1.892,1.749,1.499,1.382,NaN
2012,8,1.659,1.564,1.369,1.394,NaN
2012,9,2.574,1.54,1.294,1.41,NaN
2012,10,0.422,1.335,1.222,1.409,NaN
2012,11,-0.279,1.249,1.23,1.404,NaN
2012,12,0.86,1.21,1.24,1.42,NaN
2013,1,2.013,1.084,1.229,1.424,NaN
2013,2,2.281,1.05,1.222,1.426,NaN
2013,3,2.065,0.989,1.234,1.453,NaN
2013,4,-1.072,1.117,1.209,1.436,NaN
2013,5,0.555,1.105,1.197,1.43,NaN
2013,6,1.55,0.798,1.2,1.427,NaN
2013,7,0.376,0.879,1.246,1.43,NaN
2013,8,1.256,0.604,1.277,1.425,NaN
2013,9,1.84,0.289,1.324,1.411,NaN
2013,10,1.961,0.325,1.343,1.391,NaN
2013,11,-0.431,0.379,1.371,1.367,NaN
2013,12,-2.82,0.358,1.385,1.414,NaN
2014,1,2.987,0.42,1.383,1.415,NaN
2014,2,-1.02,0.41,1.387,1.391,NaN
2014,3,-1.719,0.296,1.377,1.429,NaN
2014,4,-0.638,0.269,1.347,1.427,NaN
2014,5,1.208,0.198,1.404,1.446,NaN
2014,6,1.291,0.661,1.354,1.45,NaN
2014,7,1.123,0.589,1.398,1.454,NaN
2014,8,1.143,0.514,1.371,1.455,NaN
2014,9,0.466,0.783,1.342,1.448,NaN
2014,10,1.636,0.918,1.329,1.466,NaN
2014,11,-1.281,0.939,1.332,1.447,NaN
2014,12,2.738,0.947,1.315,1.449,NaN
2015,1,2.121,0.912,1.296,1.435,NaN
2015,2,-1.924,0.902,1.292,1.397,NaN
2015,3,1.511,0.998,1.283,1.351,NaN
2015,4,0.985,0.928,1.296,1.304,NaN
2015,5,1.456,1.23,1.291,1.296,NaN
2015,6,1.392,1.325,1.31,1.297,NaN
2015,7,0.703,1.641,1.326,NaN,NaN
2015,8,1.026,2.017,1.281,NaN,NaN
2015,9,1.615,2.14,1.285,NaN,NaN
2015,10,0.79,2.068,1.28,NaN,NaN
2015,11,2.342,2.139,1.279,NaN,NaN
2015,12,3.88,2.147,1.262,NaN,NaN
2016,1,5.92,2.187,1.275,NaN,NaN
2016,2,2.59,2.234,1.26,NaN,NaN
2016,3,2.983,2.24,1.21,NaN,NaN
2016,4,0.115,2.195,1.16,NaN,NaN
2016,5,2.314,2.394,1.156,NaN,NaN
2016,6,1.493,2.144,1.263,NaN,NaN
2016,7,1.175,2.129,1.242,NaN,NaN
2016,8,1.595,2.158,1.235,NaN,NaN
2016,9,1.681,1.957,1.322,NaN,NaN
2016,10,0.252,2.001,1.343,NaN,NaN
2016,11,4.726,1.955,1.339,NaN,NaN
2016,12,0.885,1.91,1.329,NaN,NaN
2017,1,5.739,1.876,1.322,NaN,NaN
2017,2,2.942,1.862,1.312,NaN,NaN
2017,3,0.567,1.894,1.331,NaN,NaN
2017,4,0.643,1.974,1.327,NaN,NaN
2017,5,1.766,1.53,1.367,NaN,NaN
2017,6,0.954,1.623,1.357,NaN,NaN
2017,7,0.764,1.391,1.37,NaN,NaN
2017,8,1.425,1.11,1.425,NaN,NaN
2017,9,2.063,1.256,1.408,NaN,NaN
2017,10,1.209,1.088,1.386,NaN,NaN
2017,11,-0.593,0.984,1.361,NaN,NaN
2017,12,1.999,0.947,1.354,NaN,NaN
2018,1,2.95,0.98,NaN,NaN,NaN
2018,2,-0.431,0.891,NaN,NaN,NaN
2018,3,2.323,0.621,NaN,NaN,NaN
2018,4,-1.377,0.434,NaN,NaN,NaN
2018,5,0.519,0.43,NaN,NaN,NaN
2018,6,0.517,0.56,NaN,NaN,NaN
2018,7,1.162,0.459,NaN,NaN,NaN
2018,8,0.353,0.376,NaN,NaN,NaN
2018,9,-1.175,0.472,NaN,NaN,NaN
2018,10,-1.035,0.641,NaN,NaN,NaN
2018,11,-0.641,0.677,NaN,NaN,NaN
2018,12,3.561,0.694,NaN,NaN,NaN
2019,1,1.731,0.656,NaN,NaN,NaN
2019,2,-1.431,0.669,NaN,NaN,NaN
2019,3,3.481,0.9,NaN,NaN,NaN
2019,4,0.652,1.106,NaN,NaN,NaN
2019,5,0.946,1.253,NaN,NaN,NaN
2019,6,0.719,1.132,NaN,NaN,NaN
2019,7,0.713,1.231,NaN,NaN,NaN
2019,8,0.506,1.462,NaN,NaN,NaN
2019,9,1.601,1.215,NaN,NaN,NaN
2019,10,1.437,1.135,NaN,NaN,NaN
2019,11,1.118,1.051,NaN,NaN,NaN
2019,12,2.107,1.071,NaN,NaN,NaN
2020,1,2.925,NaN,NaN,NaN,NaN
2020,2,1.342,NaN,NaN,NaN,NaN
2020,3,0.508,NaN,NaN,NaN,NaN
2020,4,-0.306,NaN,NaN,NaN,NaN
2020,5,-0.055,NaN,NaN,NaN,NaN
2020,6,0.954,NaN,NaN,NaN,NaN
